market_type,index_id,index_short_name,index_full_name,publish_time,publish_corps,section_tags,stakeholders
A股指数,000300.ZICN,沪深300,中证规模指数,2005-04-08,中证指数有限公司,沪深300,
A股指数,399908.ZICN,沪深300能源,沪深300行业指数,2007-07-02,中证指数有限公司,能源,
A股指数,399909.ZICN,沪深300材料,沪深300行业指数,2007-07-02,中证指数有限公司,原材料,
A股指数,399910.ZICN,沪深300工业,沪深300行业指数,2007-07-02,中证指数有限公司,工业,
A股指数,399911.ZICN,沪深300可选,沪深300行业指数,2007-07-02,中证指数有限公司,可选消费,
A股指数,399912.ZICN,沪深300消费,沪深300行业指数,2007-07-02,中证指数有限公司,主要消费,
A股指数,399913.ZICN,沪深300医药,沪深300行业指数,2007-07-02,中证指数有限公司,医药卫生,
A股指数,399914.ZICN,沪深300金融,沪深300行业指数,2007-07-02,中证指数有限公司,金融地产,
A股指数,399915.ZICN,沪深300信息,沪深300行业指数,2007-07-02,中证指数有限公司,信息技术,
A股指数,399916.ZICN,沪深300电信,沪深300行业指数,2007-07-02,中证指数有限公司,电信业务,
A股指数,399917.ZICN,沪深300公用,沪深300行业指数,2007-07-02,中证指数有限公司,公用事业,
A股指数,399957.ZICN,沪深300运输,沪深300行业指数,2010-03-17,中证指数有限公司,交通运输,
A股指数,NDX.ZIUS,纳斯达克100指数,全球重要指数,nan,美国纳斯达克证券交易所,纳斯达克100,
A股指数,SPX.ZIUS,标普500,全球重要指数,1957-03-04,标准普尔公司,标普500,
A股指数,850111.ZICN,申万种子生产,申万三级行业指数,2003-10-15,上海申银万国证券研究所有限公司,种子生产,
A股指数,850112.ZICN,申万粮食种植,申万三级行业指数,2003-10-15,上海申银万国证券研究所有限公司,粮食种植,
A股指数,850113.ZICN,申万其他种植业,申万三级行业指数,2003-10-15,上海申银万国证券研究所有限公司,其他种植业,
A股指数,850121.ZICN,申万海洋捕捞,申万三级行业指数,2003-10-15,上海申银万国证券研究所有限公司,海洋捕捞,
A股指数,850122.ZICN,申万水产养殖,申万三级行业指数,2003-10-15,上海申银万国证券研究所有限公司,水产养殖,
A股指数,850131.ZICN,申万林业Ⅲ,申万三级行业指数,2003-10-15,上海申银万国证券研究所有限公司,林业,
A股指数,850141.ZICN,申万饲料Ⅲ,申万三级行业指数,2003-10-15,上海申银万国证券研究所有限公司,饲料,
A股指数,850151.ZICN,申万果蔬加工,申万三级行业指数,2003-10-15,上海申银万国证券研究所有限公司,果蔬加工,
A股指数,850152.ZICN,申万粮油加工,申万三级行业指数,2003-10-15,上海申银万国证券研究所有限公司,粮油加工,
A股指数,850154.ZICN,申万其他农产品加工,申万三级行业指数,2011-10-10,上海申银万国证券研究所有限公司,其他农产品加工,
A股指数,850161.ZICN,申万农业综合Ⅲ,申万三级行业指数,2003-10-15,上海申银万国证券研究所有限公司,农业综合,
A股指数,850171.ZICN,申万畜禽养殖Ⅲ,申万三级行业指数,2011-10-10,上海申银万国证券研究所有限公司,畜禽养殖,
A股指数,850181.ZICN,申万动物保健Ⅲ,申万三级行业指数,2011-10-10,上海申银万国证券研究所有限公司,动物保健,
A股指数,850211.ZICN,申万石油开采Ⅲ,申万三级行业指数,2003-10-15,上海申银万国证券研究所有限公司,石油开采,
A股指数,850221.ZICN,申万煤炭开采Ⅲ,申万三级行业指数,2003-10-15,上海申银万国证券研究所有限公司,煤炭开采,
A股指数,850222.ZICN,申万焦炭加工,申万三级行业指数,2003-10-15,上海申银万国证券研究所有限公司,焦炭加工,
A股指数,850231.ZICN,申万其他采掘Ⅲ,申万三级行业指数,2003-10-15,上海申银万国证券研究所有限公司,其他采掘,
A股指数,850241.ZICN,申万油气钻采服务,申万三级行业指数,2011-10-10,上海申银万国证券研究所有限公司,油气钻采服务,
A股指数,850242.ZICN,申万其他采掘服务,申万三级行业指数,2011-10-10,上海申银万国证券研究所有限公司,其他采掘服务,
A股指数,850311.ZICN,申万石油加工,申万三级行业指数,2003-10-15,上海申银万国证券研究所有限公司,石油加工,
A股指数,850312.XSHG,申万炼焦业,申万三级行业指数,2003-10-15,上海申银万国证券研究所有限公司,炼焦业,
A股指数,850313.ZICN,申万石油贸易,申万三级行业指数,2003-10-15,上海申银万国证券研究所有限公司,石油贸易,
A股指数,850321.ZICN,申万纯碱,申万三级行业指数,2003-10-15,上海申银万国证券研究所有限公司,纯碱,
A股指数,850322.ZICN,申万氯碱,申万三级行业指数,2003-10-15,上海申银万国证券研究所有限公司,氯碱,
A股指数,850323.ZICN,申万无机盐,申万三级行业指数,2003-10-15,上海申银万国证券研究所有限公司,无机盐,
A股指数,850324.ZICN,申万其他化学原料,申万三级行业指数,2007-07-02,上海申银万国证券研究所有限公司,其他化学原料,
A股指数,850331.ZICN,申万氮肥,申万三级行业指数,2003-10-15,上海申银万国证券研究所有限公司,氮肥,
A股指数,850332.ZICN,申万磷肥,申万三级行业指数,2003-10-15,上海申银万国证券研究所有限公司,磷肥,
A股指数,850333.ZICN,申万农药,申万三级行业指数,2003-10-15,上海申银万国证券研究所有限公司,农药,
A股指数,850334.ZICN,申万日用化学产品,申万三级行业指数,2003-10-15,上海申银万国证券研究所有限公司,日用化学产品,
A股指数,850335.ZICN,申万涂料油漆油墨制造,申万三级行业指数,2003-10-15,上海申银万国证券研究所有限公司,涂料油漆油墨制造,
A股指数,850336.ZICN,申万钾肥,申万三级行业指数,2003-10-15,上海申银万国证券研究所有限公司,钾肥,
A股指数,850337.ZICN,申万民爆用品,申万三级行业指数,2008-06-02,上海申银万国证券研究所有限公司,民爆用品,
A股指数,850338.ZICN,申万纺织化学用品,申万三级行业指数,2008-06-02,上海申银万国证券研究所有限公司,纺织化学用品,
A股指数,850339.ZICN,申万其他化学制品,申万三级行业指数,2008-06-02,上海申银万国证券研究所有限公司,其他化学制品,
A股指数,850341.ZICN,申万涤纶,申万三级行业指数,2003-10-15,上海申银万国证券研究所有限公司,涤纶,
A股指数,850342.ZICN,申万维纶,申万三级行业指数,2003-10-15,上海申银万国证券研究所有限公司,维纶,
A股指数,850343.ZICN,申万粘胶,申万三级行业指数,2003-10-15,上海申银万国证券研究所有限公司,粘胶,
A股指数,850344.ZICN,申万其他纤维,申万三级行业指数,2003-10-15,上海申银万国证券研究所有限公司,其他纤维,
A股指数,850345.ZICN,申万氨纶,申万三级行业指数,2008-06-02,上海申银万国证券研究所有限公司,氨纶,
A股指数,850351.ZICN,申万其他塑料制品,申万三级行业指数,2003-10-15,上海申银万国证券研究所有限公司,其他塑料制品,
A股指数,850352.ZICN,申万合成革,申万三级行业指数,2011-10-10,上海申银万国证券研究所有限公司,合成革,
A股指数,850353.ZICN,申万改性塑料,申万三级行业指数,2011-10-10,上海申银万国证券研究所有限公司,改性塑料,
A股指数,850361.ZICN,申万轮胎,申万三级行业指数,2003-10-15,上海申银万国证券研究所有限公司,轮胎,
A股指数,850362.ZICN,申万其他橡胶制品,申万三级行业指数,2008-06-02,上海申银万国证券研究所有限公司,其他橡胶制品,
A股指数,850363.ZICN,申万炭黑,申万三级行业指数,2011-10-10,上海申银万国证券研究所有限公司,炭黑,
A股指数,850371.ZICN,申万其他化工新材料Ⅲ,申万三级行业指数,2003-10-15,上海申银万国证券研究所有限公司,其他化工新材料,
A股指数,850372.ZICN,申万聚氨酯,申万三级行业指数,2011-10-10,上海申银万国证券研究所有限公司,聚氨酯,
A股指数,850373.ZICN,申万玻纤,申万三级行业指数,2011-10-10,上海申银万国证券研究所有限公司,玻纤,
A股指数,850381.ZICN,申万复合肥,申万三级行业指数,2011-10-10,上海申银万国证券研究所有限公司,复合肥,
A股指数,850382.ZICN,申万氟化工及制冷剂,申万三级行业指数,2011-10-10,上海申银万国证券研究所有限公司,氟化工及制冷剂,
A股指数,850383.ZICN,申万磷化工及磷酸盐,申万三级行业指数,2011-10-10,上海申银万国证券研究所有限公司,磷化工及磷酸盐,
A股指数,850411.ZICN,申万普钢,申万三级行业指数,2003-10-15,上海申银万国证券研究所有限公司,普钢,
A股指数,850412.ZICN,申万特钢,申万三级行业指数,2003-10-15,上海申银万国证券研究所有限公司,特钢,
A股指数,850511.XSHG,申万有色金属冶炼Ⅲ,申万三级行业指数,2003-10-15,上海申银万国证券研究所有限公司,有色金属冶炼,
A股指数,850512.ZICN,申万铝Ⅲ,申万三级行业指数,2007-07-02,上海申银万国证券研究所有限公司,铝,
A股指数,850513.ZICN,申万铜Ⅲ,申万三级行业指数,2007-07-02,上海申银万国证券研究所有限公司,铜,
A股指数,850514.ZICN,申万铅锌Ⅲ,申万三级行业指数,2007-07-02,上海申银万国证券研究所有限公司,铅锌,
A股指数,850515.ZICN,申万黄金Ⅲ,申万三级行业指数,2007-07-02,上海申银万国证券研究所有限公司,黄金,
A股指数,850516.ZICN,申万小金属Ⅲ,申万三级行业指数,2007-07-02,上海申银万国证券研究所有限公司,小金属,
A股指数,850521.ZICN,申万金属新材料,申万三级行业指数,2003-10-15,上海申银万国证券研究所有限公司,金属新材料,
A股指数,850522.ZICN,申万磁性材料,申万三级行业指数,2008-06-02,上海申银万国证券研究所有限公司,磁性材料,
A股指数,850523.ZICN,申万非金属新材料,申万三级行业指数,2008-06-02,上海申银万国证券研究所有限公司,非金属新材料,
A股指数,850531.ZICN,申万黄金Ⅲ,申万三级行业指数,2014-02-21,上海申银万国证券研究所有限公司,黄金,
A股指数,850541.ZICN,申万稀土,申万三级行业指数,2014-02-21,上海申银万国证券研究所有限公司,稀土,
A股指数,850542.ZICN,申万钨,申万三级行业指数,2014-02-21,上海申银万国证券研究所有限公司,钨,
A股指数,850543.ZICN,申万锂,申万三级行业指数,2014-02-21,上海申银万国证券研究所有限公司,锂,
A股指数,850544.ZICN,申万其他稀有小金属,申万三级行业指数,2014-02-21,上海申银万国证券研究所有限公司,其他稀有小金属,
A股指数,850551.ZICN,申万铝,申万三级行业指数,2014-02-21,上海申银万国证券研究所有限公司,铝,
A股指数,850552.ZICN,申万铜,申万三级行业指数,2014-02-21,上海申银万国证券研究所有限公司,铜,
A股指数,850553.ZICN,申万铅锌,申万三级行业指数,2014-02-21,上海申银万国证券研究所有限公司,铅锌,
A股指数,850611.ZICN,申万玻璃制造Ⅲ,申万三级行业指数,2003-10-15,上海申银万国证券研究所有限公司,玻璃制造,
A股指数,850612.ZICN,申万水泥制造Ⅲ,申万三级行业指数,2003-10-15,上海申银万国证券研究所有限公司,水泥制造,
A股指数,850613.ZICN,申万陶瓷制造Ⅲ,申万三级行业指数,2003-10-15,上海申银万国证券研究所有限公司,陶瓷制造,
A股指数,850614.ZICN,申万其他建材Ⅲ,申万三级行业指数,2003-10-15,上海申银万国证券研究所有限公司,其他建材,
A股指数,850615.ZICN,申万耐火材料,申万三级行业指数,2011-10-10,上海申银万国证券研究所有限公司,耐火材料,
A股指数,850616.ZICN,申万管材,申万三级行业指数,2011-10-10,上海申银万国证券研究所有限公司,管材,
A股指数,850622.ZICN,申万装饰园林Ⅲ,申万三级行业指数,2003-10-15,上海申银万国证券研究所有限公司,装饰园林,
A股指数,850623.ZICN,申万房屋建设Ⅲ,申万三级行业指数,2011-10-10,上海申银万国证券研究所有限公司,房屋建设,
A股指数,850624.ZICN,申万基础建设Ⅲ,申万三级行业指数,2011-10-10,上海申银万国证券研究所有限公司,基础建设,
A股指数,850625.ZICN,申万专业工程Ⅲ,申万三级行业指数,2011-10-10,上海申银万国证券研究所有限公司,专业工程,
A股指数,850711.ZICN,申万机床工具,申万三级行业指数,2003-10-15,上海申银万国证券研究所有限公司,机床工具,
A股指数,850712.ZICN,申万机械基础件,申万三级行业指数,2003-10-15,上海申银万国证券研究所有限公司,机械基础件,
A股指数,850713.ZICN,申万磨具磨料,申万三级行业指数,2003-10-15,上海申银万国证券研究所有限公司,磨具磨料,
A股指数,850714.ZICN,申万内燃机,申万三级行业指数,2003-10-15,上海申银万国证券研究所有限公司,内燃机,
A股指数,850715.ZICN,申万制冷空调设备,申万三级行业指数,2003-10-15,上海申银万国证券研究所有限公司,制冷空调设备,
A股指数,850716.ZICN,申万其它通用机械,申万三级行业指数,2003-10-15,上海申银万国证券研究所有限公司,其它通用机械,
A股指数,850721.ZICN,申万纺织服装设备,申万三级行业指数,2003-10-15,上海申银万国证券研究所有限公司,纺织服装设备,
A股指数,850722.ZICN,申万工程机械,申万三级行业指数,2003-10-15,上海申银万国证券研究所有限公司,工程机械,
A股指数,850723.ZICN,申万农用机械,申万三级行业指数,2003-10-15,上海申银万国证券研究所有限公司,农用机械,
A股指数,850724.ZICN,申万重型机械,申万三级行业指数,2003-10-15,上海申银万国证券研究所有限公司,重型机械,
A股指数,850725.ZICN,申万冶金矿采化工设备,申万三级行业指数,2003-10-15,上海申银万国证券研究所有限公司,冶金矿采化工设备,
A股指数,850726.ZICN,申万印刷包装机械,申万三级行业指数,2003-10-15,上海申银万国证券研究所有限公司,印刷包装机械,
A股指数,850727.ZICN,申万其它专用机械,申万三级行业指数,2003-10-15,上海申银万国证券研究所有限公司,其它专用机械,
A股指数,850728.ZICN,申万楼宇设备,申万三级行业指数,2011-10-10,上海申银万国证券研究所有限公司,楼宇设备,
A股指数,850729.ZICN,申万环保设备,申万三级行业指数,2011-10-10,上海申银万国证券研究所有限公司,环保设备,
A股指数,850731.ZICN,申万仪器仪表Ⅲ,申万三级行业指数,2003-10-15,上海申银万国证券研究所有限公司,仪器仪表,
A股指数,850741.ZICN,申万电机Ⅲ,申万三级行业指数,2003-10-15,上海申银万国证券研究所有限公司,电机,
A股指数,850742.ZICN,申万电气自控设备Ⅲ,申万三级行业指数,2003-10-15,上海申银万国证券研究所有限公司,电气自控设备,
A股指数,850743.ZICN,申万电源设备Ⅲ,申万三级行业指数,2003-10-15,上海申银万国证券研究所有限公司,电源设备,
A股指数,850744.ZICN,申万输变电设备Ⅲ,申万三级行业指数,2003-10-15,上海申银万国证券研究所有限公司,输变电设备,
A股指数,850745.ZICN,申万其他电力设备Ⅲ,申万三级行业指数,2003-10-15,上海申银万国证券研究所有限公司,其他电力设备,
A股指数,850751.ZICN,申万金属制品Ⅲ,申万三级行业指数,2003-10-15,上海申银万国证券研究所有限公司,金属制品,
A股指数,850811.ZICN,申万集成电路,申万三级行业指数,2003-10-15,上海申银万国证券研究所有限公司,集成电路,
A股指数,850812.ZICN,申万分立器件,申万三级行业指数,2007-07-02,上海申银万国证券研究所有限公司,分立器件,
A股指数,850813.ZICN,申万半导体材料,申万三级行业指数,2007-07-02,上海申银万国证券研究所有限公司,半导体材料,
A股指数,850822.ZICN,申万印制电路板,申万三级行业指数,2011-10-10,上海申银万国证券研究所有限公司,印制电路板,
A股指数,850823.ZICN,申万被动元件,申万三级行业指数,2011-10-10,上海申银万国证券研究所有限公司,被动元件,
A股指数,850831.ZICN,申万显示器件,申万三级行业指数,2003-10-15,上海申银万国证券研究所有限公司,显示器件,
A股指数,850832.ZICN,申万LED,申万三级行业指数,2011-10-10,上海申银万国证券研究所有限公司,LED,
A股指数,850833.ZICN,申万光学元件,申万三级行业指数,2011-10-10,上海申银万国证券研究所有限公司,光学元件,
A股指数,850841.ZICN,申万其他电子Ⅲ,申万三级行业指数,2003-10-15,上海申银万国证券研究所有限公司,其他电子,
A股指数,850851.ZICN,申万电子系统组装,申万三级行业指数,2011-10-10,上海申银万国证券研究所有限公司,电子系统组装,
A股指数,850852.ZICN,申万电子零部件制造,申万三级行业指数,2011-10-10,上海申银万国证券研究所有限公司,电子零部件制造,
A股指数,850911.ZICN,申万乘用车,申万三级行业指数,2003-10-15,上海申银万国证券研究所有限公司,乘用车,
A股指数,850912.ZICN,申万商用载货车,申万三级行业指数,2003-10-15,上海申银万国证券研究所有限公司,商用载货车,
A股指数,850913.ZICN,申万商用载客车,申万三级行业指数,2003-10-15,上海申银万国证券研究所有限公司,商用载客车,
A股指数,850914.ZICN,申万专用汽车Ⅲ,申万三级行业指数,2003-10-15,上海申银万国证券研究所有限公司,专用汽车,
A股指数,850921.ZICN,申万汽车零部件Ⅲ,申万三级行业指数,2003-10-15,上海申银万国证券研究所有限公司,汽车零部件,
A股指数,850931.ZICN,申万摩托车Ⅲ,申万三级行业指数,2003-10-15,上海申银万国证券研究所有限公司,摩托车,
A股指数,850933.XSHG,申万其他交运设备Ⅲ,申万三级行业指数,2003-10-15,上海申银万国证券研究所有限公司,其他交运设备,
A股指数,850934.ZICN,申万航空航天设备Ⅲ,申万三级行业指数,2007-07-02,上海申银万国证券研究所有限公司,航空航天设备,
A股指数,850935.ZICN,申万船舶制造Ⅲ,申万三级行业指数,2007-07-02,上海申银万国证券研究所有限公司,船舶制造,
A股指数,850936.ZICN,申万铁路设备,申万三级行业指数,2007-07-02,上海申银万国证券研究所有限公司,铁路设备,
A股指数,850937.ZICN,申万其他交运设备Ⅲ,申万三级行业指数,2011-10-10,上海申银万国证券研究所有限公司,其他交运设备,
A股指数,850941.ZICN,申万汽车服务Ⅲ,申万三级行业指数,2003-10-15,上海申银万国证券研究所有限公司,汽车服务,
A股指数,850942.ZICN,申万其他交运设备服务Ⅲ,申万三级行业指数,2011-10-10,上海申银万国证券研究所有限公司,其他交运设备服务,
A股指数,851012.ZICN,申万终端设备,申万三级行业指数,2003-10-15,上海申银万国证券研究所有限公司,终端设备,
A股指数,851013.ZICN,申万通信传输设备,申万三级行业指数,2003-10-15,上海申银万国证券研究所有限公司,通信传输设备,
A股指数,851014.ZICN,申万通信配套服务,申万三级行业指数,2008-06-26,上海申银万国证券研究所有限公司,通信配套服务,
A股指数,851021.ZICN,申万计算机设备Ⅲ,申万三级行业指数,2003-10-15,上海申银万国证券研究所有限公司,计算机设备,
A股指数,851111.ZICN,申万冰箱,申万三级行业指数,2003-10-15,上海申银万国证券研究所有限公司,冰箱,
A股指数,851112.ZICN,申万空调,申万三级行业指数,2003-10-15,上海申银万国证券研究所有限公司,空调,
A股指数,851113.ZICN,申万洗衣机,申万三级行业指数,2003-10-15,上海申银万国证券研究所有限公司,洗衣机,
A股指数,851114.ZICN,申万小家电,申万三级行业指数,2003-10-15,上海申银万国证券研究所有限公司,小家电,
A股指数,851115.ZICN,申万家电零部件,申万三级行业指数,2003-10-15,上海申银万国证券研究所有限公司,家电零部件,
A股指数,851121.ZICN,申万彩电,申万三级行业指数,2003-10-15,上海申银万国证券研究所有限公司,彩电,
A股指数,851122.ZICN,申万其它视听器材,申万三级行业指数,2003-10-15,上海申银万国证券研究所有限公司,其它视听器材,
A股指数,851231.ZICN,申万白酒,申万三级行业指数,2003-10-15,上海申银万国证券研究所有限公司,白酒,
A股指数,851232.ZICN,申万啤酒,申万三级行业指数,2003-10-15,上海申银万国证券研究所有限公司,啤酒,
A股指数,851233.ZICN,申万其他酒类,申万三级行业指数,2003-10-15,上海申银万国证券研究所有限公司,其他酒类,
A股指数,851234.ZICN,申万软饮料,申万三级行业指数,2003-10-15,上海申银万国证券研究所有限公司,软饮料,
A股指数,851235.ZICN,申万葡萄酒,申万三级行业指数,2007-07-02,上海申银万国证券研究所有限公司,葡萄酒,
A股指数,851236.ZICN,申万黄酒,申万三级行业指数,2008-06-02,上海申银万国证券研究所有限公司,黄酒,
A股指数,851241.ZICN,申万肉制品,申万三级行业指数,2003-10-15,上海申银万国证券研究所有限公司,肉制品,
A股指数,851242.ZICN,申万调味发酵品,申万三级行业指数,2003-10-15,上海申银万国证券研究所有限公司,调味发酵品,
A股指数,851243.ZICN,申万乳品,申万三级行业指数,2003-10-15,上海申银万国证券研究所有限公司,乳品,
A股指数,851244.ZICN,申万食品综合,申万三级行业指数,2007-07-02,上海申银万国证券研究所有限公司,食品综合,
A股指数,851311.ZICN,申万毛纺,申万三级行业指数,2003-10-15,上海申银万国证券研究所有限公司,毛纺,
A股指数,851312.ZICN,申万棉纺,申万三级行业指数,2003-10-15,上海申银万国证券研究所有限公司,棉纺,
A股指数,851313.ZICN,申万丝绸,申万三级行业指数,2003-10-15,上海申银万国证券研究所有限公司,丝绸,
A股指数,851314.ZICN,申万印染,申万三级行业指数,2003-10-15,上海申银万国证券研究所有限公司,印染,
A股指数,851315.ZICN,申万辅料,申万三级行业指数,2011-10-10,上海申银万国证券研究所有限公司,辅料,
A股指数,851316.ZICN,申万其他纺织,申万三级行业指数,2011-10-10,上海申银万国证券研究所有限公司,其他纺织,
A股指数,851322.ZICN,申万男装,申万三级行业指数,2011-10-10,上海申银万国证券研究所有限公司,男装,
A股指数,851323.ZICN,申万女装,申万三级行业指数,2011-10-10,上海申银万国证券研究所有限公司,女装,
A股指数,851324.ZICN,申万休闲服装,申万三级行业指数,2011-10-10,上海申银万国证券研究所有限公司,休闲服装,
A股指数,851325.ZICN,申万鞋帽,申万三级行业指数,2011-10-10,上海申银万国证券研究所有限公司,鞋帽,
A股指数,851326.ZICN,申万家纺,申万三级行业指数,2011-10-10,上海申银万国证券研究所有限公司,家纺,
A股指数,851327.ZICN,申万其他服装,申万三级行业指数,2011-10-10,上海申银万国证券研究所有限公司,其他服装,
A股指数,851411.ZICN,申万造纸Ⅲ,申万三级行业指数,2003-10-15,上海申银万国证券研究所有限公司,造纸,
A股指数,851421.ZICN,申万包装印刷Ⅲ,申万三级行业指数,2003-10-15,上海申银万国证券研究所有限公司,包装印刷,
A股指数,851432.ZICN,申万家具,申万三级行业指数,2007-07-02,上海申银万国证券研究所有限公司,家具,
A股指数,851433.ZICN,申万其他家用轻工,申万三级行业指数,2007-07-02,上海申银万国证券研究所有限公司,其他家用轻工,
A股指数,851434.ZICN,申万珠宝首饰,申万三级行业指数,2011-10-10,上海申银万国证券研究所有限公司,珠宝首饰,
A股指数,851435.ZICN,申万文娱用品,申万三级行业指数,2011-10-10,上海申银万国证券研究所有限公司,文娱用品,
A股指数,851441.ZICN,申万其他轻工制造Ⅲ,申万三级行业指数,2003-10-15,上海申银万国证券研究所有限公司,其他轻工制造,
A股指数,851511.ZICN,申万化学原料药,申万三级行业指数,2003-10-15,上海申银万国证券研究所有限公司,化学原料药,
A股指数,851512.ZICN,申万化学制剂,申万三级行业指数,2003-10-15,上海申银万国证券研究所有限公司,化学制剂,
A股指数,851521.ZICN,申万中药Ⅲ,申万三级行业指数,2003-10-15,上海申银万国证券研究所有限公司,中药,
A股指数,851531.ZICN,申万生物制品Ⅲ,申万三级行业指数,2003-10-15,上海申银万国证券研究所有限公司,生物制品,
A股指数,851541.ZICN,申万医药商业Ⅲ,申万三级行业指数,2003-10-15,上海申银万国证券研究所有限公司,医药商业,
A股指数,851551.ZICN,申万医疗器械Ⅲ,申万三级行业指数,2003-10-15,上海申银万国证券研究所有限公司,医疗器械,
A股指数,851561.ZICN,申万医疗服务Ⅲ,申万三级行业指数,2007-07-02,上海申银万国证券研究所有限公司,医疗服务,
A股指数,851611.ZICN,申万火电,申万三级行业指数,2003-10-15,上海申银万国证券研究所有限公司,火电,
A股指数,851612.ZICN,申万水电,申万三级行业指数,2003-10-15,上海申银万国证券研究所有限公司,水电,
A股指数,851613.ZICN,申万燃机发电,申万三级行业指数,2003-10-15,上海申银万国证券研究所有限公司,燃机发电,
A股指数,851614.ZICN,申万热电,申万三级行业指数,2003-10-15,上海申银万国证券研究所有限公司,热电,
A股指数,851615.ZICN,申万新能源发电,申万三级行业指数,2014-02-21,上海申银万国证券研究所有限公司,新能源发电,
A股指数,851621.ZICN,申万水务Ⅲ,申万三级行业指数,2003-10-15,上海申银万国证券研究所有限公司,水务,
A股指数,851631.ZICN,申万燃气Ⅲ,申万三级行业指数,2003-10-15,上海申银万国证券研究所有限公司,燃气,
A股指数,851641.ZICN,申万环保工程及服务Ⅲ,申万三级行业指数,2003-10-15,上海申银万国证券研究所有限公司,环保工程及服务,
A股指数,851711.ZICN,申万港口Ⅲ,申万三级行业指数,2003-10-15,上海申银万国证券研究所有限公司,港口,
A股指数,851721.ZICN,申万公交Ⅲ,申万三级行业指数,2003-10-15,上海申银万国证券研究所有限公司,公交,
A股指数,851731.ZICN,申万高速公路Ⅲ,申万三级行业指数,2003-10-15,上海申银万国证券研究所有限公司,高速公路,
A股指数,851741.ZICN,申万航空运输Ⅲ,申万三级行业指数,2003-10-15,上海申银万国证券研究所有限公司,航空运输,
A股指数,851751.ZICN,申万机场Ⅲ,申万三级行业指数,2003-10-15,上海申银万国证券研究所有限公司,机场,
A股指数,851761.ZICN,申万航运Ⅲ,申万三级行业指数,2003-10-15,上海申银万国证券研究所有限公司,航运,
A股指数,851771.ZICN,申万铁路运输Ⅲ,申万三级行业指数,2003-10-15,上海申银万国证券研究所有限公司,铁路运输,
A股指数,851781.ZICN,申万物流Ⅲ,申万三级行业指数,2003-10-15,上海申银万国证券研究所有限公司,物流,
A股指数,851811.ZICN,申万房地产开发Ⅲ,申万三级行业指数,2003-10-15,上海申银万国证券研究所有限公司,房地产开发,
A股指数,851821.ZICN,申万园区开发Ⅲ,申万三级行业指数,2003-10-15,上海申银万国证券研究所有限公司,园区开发,
A股指数,851911.ZICN,申万银行Ⅲ,申万三级行业指数,2003-10-15,上海申银万国证券研究所有限公司,银行,
A股指数,851921.ZICN,申万多元金融Ⅲ,申万三级行业指数,2003-10-15,上海申银万国证券研究所有限公司,多元金融,
A股指数,851931.ZICN,申万证券Ⅲ,申万三级行业指数,2003-10-15,上海申银万国证券研究所有限公司,证券,
A股指数,851941.ZICN,申万保险Ⅲ,申万三级行业指数,2003-10-15,上海申银万国证券研究所有限公司,保险,
A股指数,852011.ZICN,申万百货零售Ⅲ,申万三级行业指数,2003-10-15,上海申银万国证券研究所有限公司,百货零售,
A股指数,852012.ZICN,申万专业连锁Ⅲ,申万三级行业指数,2003-10-15,上海申银万国证券研究所有限公司,专业连锁,
A股指数,852013.ZICN,申万商业物业经营Ⅲ,申万三级行业指数,2007-07-02,上海申银万国证券研究所有限公司,商业物业经营,
A股指数,852021.ZICN,申万贸易Ⅲ,申万三级行业指数,2003-10-15,上海申银万国证券研究所有限公司,贸易,
A股指数,852031.ZICN,申万百货,申万三级行业指数,2014-02-21,上海申银万国证券研究所有限公司,百货,
A股指数,852032.ZICN,申万超市,申万三级行业指数,2014-02-21,上海申银万国证券研究所有限公司,超市,
A股指数,852033.ZICN,申万多业态零售,申万三级行业指数,2014-02-21,上海申银万国证券研究所有限公司,多业态零售,
A股指数,852041.ZICN,申万专业连锁,申万三级行业指数,2014-02-21,上海申银万国证券研究所有限公司,专业连锁,
A股指数,852051.ZICN,申万一般物业经营,申万三级行业指数,2014-02-21,上海申银万国证券研究所有限公司,一般物业经营,
A股指数,852052.ZICN,申万专业市场,申万三级行业指数,2014-02-21,上海申银万国证券研究所有限公司,专业市场,
A股指数,852111.ZICN,申万人工景点,申万三级行业指数,2003-10-15,上海申银万国证券研究所有限公司,人工景点,
A股指数,852112.ZICN,申万自然景点,申万三级行业指数,2003-10-15,上海申银万国证券研究所有限公司,自然景点,
A股指数,852121.ZICN,申万酒店Ⅲ,申万三级行业指数,2003-10-15,上海申银万国证券研究所有限公司,酒店,
A股指数,852131.ZICN,申万旅游综合Ⅲ,申万三级行业指数,2003-10-15,上海申银万国证券研究所有限公司,旅游综合,
A股指数,852141.ZICN,申万餐饮Ⅲ,申万三级行业指数,2003-10-15,上海申银万国证券研究所有限公司,餐饮,
A股指数,852151.ZICN,申万其他休闲服务Ⅲ,申万三级行业指数,2014-02-21,上海申银万国证券研究所有限公司,其他休闲服务,
A股指数,852211.ZICN,申万通信运营Ⅲ,申万三级行业指数,2003-10-15,上海申银万国证券研究所有限公司,通信运营,
A股指数,852221.ZICN,申万互联网信息服务,申万三级行业指数,2003-10-15,上海申银万国证券研究所有限公司,互联网信息服务,
A股指数,852222.ZICN,申万移动互联网服务,申万三级行业指数,2014-02-21,上海申银万国证券研究所有限公司,移动互联网服务,
A股指数,852223.ZICN,申万其他互联网服务,申万三级行业指数,2014-02-21,上海申银万国证券研究所有限公司,其他互联网服务,
A股指数,852224.ZICN,申万有线电视网络,申万三级行业指数,2003-10-15,上海申银万国证券研究所有限公司,有线电视网络,
A股指数,852225.ZICN,申万软件开发,申万三级行业指数,2014-02-21,上海申银万国证券研究所有限公司,软件开发,
A股指数,852226.ZICN,申万IT服务,申万三级行业指数,2014-02-21,上海申银万国证券研究所有限公司,IT服务,
A股指数,852232.ZICN,申万软件开发及服务Ⅲ,申万三级行业指数,2008-06-02,上海申银万国证券研究所有限公司,软件开发及服务,
A股指数,852233.ZICN,申万系统集成Ⅲ,申万三级行业指数,2008-06-02,上海申银万国证券研究所有限公司,系统集成,
A股指数,852241.ZICN,申万平面媒体,申万三级行业指数,2003-10-15,上海申银万国证券研究所有限公司,平面媒体,
A股指数,852242.ZICN,申万影视动漫,申万三级行业指数,2003-10-15,上海申银万国证券研究所有限公司,影视动漫,
A股指数,852243.ZICN,申万营销服务,申万三级行业指数,2011-10-10,上海申银万国证券研究所有限公司,营销服务,
A股指数,852244.ZICN,申万其他文化传媒,申万三级行业指数,2014-02-21,上海申银万国证券研究所有限公司,其他文化传媒,
A股指数,852311.ZICN,申万综合Ⅲ,申万三级行业指数,2003-10-15,上海申银万国证券研究所有限公司,综合,
A股指数,857221.ZICN,申万装修装饰Ⅲ,申万三级行业指数,2014-02-21,上海申银万国证券研究所有限公司,装修装饰,
A股指数,857231.ZICN,申万城轨建设,申万三级行业指数,2014-02-21,上海申银万国证券研究所有限公司,城轨建设,
A股指数,857232.ZICN,申万路桥施工,申万三级行业指数,2014-02-21,上海申银万国证券研究所有限公司,路桥施工,
A股指数,857233.ZICN,申万水利工程,申万三级行业指数,2014-02-21,上海申银万国证券研究所有限公司,水利工程,
A股指数,857234.ZICN,申万铁路建设,申万三级行业指数,2014-02-21,上海申银万国证券研究所有限公司,铁路建设,
A股指数,857235.ZICN,申万其他基础建设,申万三级行业指数,2014-02-21,上海申银万国证券研究所有限公司,其他基础建设,
A股指数,857241.ZICN,申万钢结构,申万三级行业指数,2014-02-21,上海申银万国证券研究所有限公司,钢结构,
A股指数,857242.ZICN,申万化学工程,申万三级行业指数,2014-02-21,上海申银万国证券研究所有限公司,化学工程,
A股指数,857243.ZICN,申万国际工程承包,申万三级行业指数,2014-02-21,上海申银万国证券研究所有限公司,国际工程承包,
A股指数,857244.ZICN,申万其他专业工程,申万三级行业指数,2014-02-21,上海申银万国证券研究所有限公司,其他专业工程,
A股指数,857251.ZICN,申万园林工程Ⅲ,申万三级行业指数,2014-02-21,上海申银万国证券研究所有限公司,园林工程,
A股指数,857321.ZICN,申万电网自动化,申万三级行业指数,2014-02-21,上海申银万国证券研究所有限公司,电网自动化,
A股指数,857322.ZICN,申万工控自动化,申万三级行业指数,2014-02-21,上海申银万国证券研究所有限公司,工控自动化,
A股指数,857323.ZICN,申万计量仪表,申万三级行业指数,2014-02-21,上海申银万国证券研究所有限公司,计量仪表,
A股指数,857331.ZICN,申万综合电力设备商,申万三级行业指数,2014-02-21,上海申银万国证券研究所有限公司,综合电力设备商,
A股指数,857332.ZICN,申万风电设备,申万三级行业指数,2014-02-21,上海申银万国证券研究所有限公司,风电设备,
A股指数,857333.ZICN,申万光伏设备,申万三级行业指数,2014-02-21,上海申银万国证券研究所有限公司,光伏设备,
A股指数,857334.ZICN,申万火电设备,申万三级行业指数,2014-02-21,上海申银万国证券研究所有限公司,火电设备,
A股指数,857335.ZICN,申万储能设备,申万三级行业指数,2014-02-21,上海申银万国证券研究所有限公司,储能设备,
A股指数,857336.ZICN,申万其它电源设备,申万三级行业指数,2014-02-21,上海申银万国证券研究所有限公司,其它电源设备,
A股指数,857341.ZICN,申万高压设备,申万三级行业指数,2014-02-21,上海申银万国证券研究所有限公司,高压设备,
A股指数,857342.ZICN,申万中压设备,申万三级行业指数,2014-02-21,上海申银万国证券研究所有限公司,中压设备,
A股指数,857343.ZICN,申万低压设备,申万三级行业指数,2014-02-21,上海申银万国证券研究所有限公司,低压设备,
A股指数,857344.ZICN,申万线缆部件及其他,申万三级行业指数,2014-02-21,上海申银万国证券研究所有限公司,线缆部件及其他,
A股指数,857411.ZICN,申万航天装备Ⅲ,申万三级行业指数,2014-02-21,上海申银万国证券研究所有限公司,航天装备,
A股指数,857421.ZICN,申万航空装备Ⅲ,申万三级行业指数,2014-02-21,上海申银万国证券研究所有限公司,航空装备,
A股指数,857431.ZICN,申万地面兵装Ⅲ,申万三级行业指数,2014-02-21,上海申银万国证券研究所有限公司,地面兵装,
A股指数,858811.ZICN,申万其他交运设备Ⅲ,申万三级行业指数,2014-02-21,上海申银万国证券研究所有限公司,其他交运设备,
A股指数,801001.ZICN,申万50,申万规模指数,2004-09-21,上海申银万国证券研究所有限公司,申万50,
A股指数,801003.ZICN,申万A指,申万规模指数,2004-09-21,上海申银万国证券研究所有限公司,申万A指,
A股指数,801010.ZICN,申万农林牧渔,申万一级行业指数,2003-10-15,上海申银万国证券研究所有限公司,农林牧渔,
A股指数,801011.ZICN,申万林业Ⅱ,申万二级行业指数,2003-10-15,上海申银万国证券研究所有限公司,林业,
A股指数,801012.ZICN,申万农产品加工,申万二级行业指数,2003-10-15,上海申银万国证券研究所有限公司,农产品加工,
A股指数,801013.ZICN,申万农业综合Ⅱ,申万二级行业指数,2003-10-15,上海申银万国证券研究所有限公司,农业综合,
A股指数,801014.ZICN,申万饲料Ⅱ,申万二级行业指数,2003-10-15,上海申银万国证券研究所有限公司,饲料,
A股指数,801015.ZICN,申万渔业,申万二级行业指数,2003-10-15,上海申银万国证券研究所有限公司,渔业,
A股指数,801016.ZICN,申万种植业,申万二级行业指数,2003-10-15,上海申银万国证券研究所有限公司,种植业,
A股指数,801017.ZICN,申万畜禽养殖Ⅱ,申万二级行业指数,2011-10-10,上海申银万国证券研究所有限公司,畜禽养殖,
A股指数,801018.ZICN,申万动物保健Ⅱ,申万二级行业指数,2011-10-10,上海申银万国证券研究所有限公司,动物保健,
A股指数,801020.ZICN,申万采掘,申万一级行业指数,2003-10-15,上海申银万国证券研究所有限公司,采掘,
A股指数,801021.ZICN,申万煤炭开采Ⅱ,申万二级行业指数,2003-10-15,上海申银万国证券研究所有限公司,煤炭开采,
A股指数,801022.ZICN,申万其他采掘Ⅱ,申万二级行业指数,2003-10-15,上海申银万国证券研究所有限公司,其他采掘,
A股指数,801023.ZICN,申万石油开采Ⅱ,申万二级行业指数,2003-10-15,上海申银万国证券研究所有限公司,石油开采,
A股指数,801024.ZICN,申万采掘服务,申万二级行业指数,2011-10-10,上海申银万国证券研究所有限公司,采掘服务,
A股指数,801030.ZICN,申万化工,申万一级行业指数,2003-10-15,上海申银万国证券研究所有限公司,化工,
A股指数,801031.ZICN,申万化工新材料Ⅱ,申万二级行业指数,2003-10-15,上海申银万国证券研究所有限公司,化工新材料,
A股指数,801032.ZICN,申万化学纤维,申万二级行业指数,2003-10-15,上海申银万国证券研究所有限公司,化学纤维,
A股指数,801033.ZICN,申万化学原料,申万二级行业指数,2003-10-15,上海申银万国证券研究所有限公司,化学原料,
A股指数,801034.ZICN,申万化学制品,申万二级行业指数,2003-10-15,上海申银万国证券研究所有限公司,化学制品,
A股指数,801035.ZICN,申万石油化工,申万二级行业指数,2003-10-15,上海申银万国证券研究所有限公司,石油化工,
A股指数,801036.ZICN,申万塑料,申万二级行业指数,2003-10-15,上海申银万国证券研究所有限公司,塑料,
A股指数,801037.ZICN,申万橡胶,申万二级行业指数,2003-10-15,上海申银万国证券研究所有限公司,橡胶,
A股指数,801040.ZICN,申万钢铁Ⅰ,申万一级行业指数,2003-10-15,上海申银万国证券研究所有限公司,钢铁,
A股指数,801041.ZICN,申万钢铁Ⅱ,申万二级行业指数,2003-10-15,上海申银万国证券研究所有限公司,钢铁,
A股指数,801050.ZICN,申万有色金属,申万一级行业指数,2003-10-15,上海申银万国证券研究所有限公司,有色金属,
A股指数,801051.ZICN,申万金属非金属新材料,申万二级行业指数,2003-10-15,上海申银万国证券研究所有限公司,金属非金属新材料,
A股指数,801052.ZICN,申万有色金属冶炼Ⅱ,申万二级行业指数,2003-10-15,上海申银万国证券研究所有限公司,有色金属冶炼与加工,
A股指数,801053.ZICN,申万黄金Ⅱ,申万二级行业指数,2014-02-21,上海申银万国证券研究所有限公司,黄金,
A股指数,801054.ZICN,申万稀有金属,申万二级行业指数,2014-02-21,上海申银万国证券研究所有限公司,稀有金属,
A股指数,801055.ZICN,申万工业金属,申万二级行业指数,2014-02-21,上海申银万国证券研究所有限公司,工业金属,
A股指数,801060.ZICN,申万建筑建材Ⅰ,申万一级行业指数,2003-10-15,上海申银万国证券研究所有限公司,建筑建材,
A股指数,801061.ZICN,申万建筑材料Ⅱ,申万二级行业指数,2003-10-15,上海申银万国证券研究所有限公司,建筑材料,
A股指数,801062.ZICN,申万建筑装饰Ⅱ,申万二级行业指数,2003-10-15,上海申银万国证券研究所有限公司,建筑装饰,
A股指数,801070.ZICN,申万机械设备Ⅰ,申万一级行业指数,2003-10-15,上海申银万国证券研究所有限公司,机械设备,
A股指数,801071.ZICN,申万电气设备Ⅱ,申万二级行业指数,2003-10-15,上海申银万国证券研究所有限公司,电气设备,
A股指数,801072.ZICN,申万通用机械,申万二级行业指数,2003-10-15,上海申银万国证券研究所有限公司,通用机械,
A股指数,801073.ZICN,申万仪器仪表Ⅱ,申万二级行业指数,2003-10-15,上海申银万国证券研究所有限公司,仪器仪表,
A股指数,801074.ZICN,申万专用设备,申万二级行业指数,2003-10-15,上海申银万国证券研究所有限公司,专用设备,
A股指数,801075.ZICN,申万金属制品Ⅱ,申万二级行业指数,2003-10-15,上海申银万国证券研究所有限公司,金属制品,
A股指数,801076.ZICN,申万运输设备,申万二级行业指数,2014-02-21,上海申银万国证券研究所有限公司,运输设备,
A股指数,801080.ZICN,申万电子,申万一级行业指数,2003-10-15,上海申银万国证券研究所有限公司,电子,
A股指数,801081.ZICN,申万半导体,申万二级行业指数,2003-10-15,上海申银万国证券研究所有限公司,半导体,
A股指数,801082.ZICN,申万其他电子Ⅱ,申万二级行业指数,2003-10-15,上海申银万国证券研究所有限公司,其他电子,
A股指数,801083.ZICN,申万元件,申万二级行业指数,2003-10-15,上海申银万国证券研究所有限公司,元件,
A股指数,801084.ZICN,申万光学光电子,申万二级行业指数,2003-10-15,上海申银万国证券研究所有限公司,光学光电子,
A股指数,801085.ZICN,申万电子制造,申万二级行业指数,2011-10-10,上海申银万国证券研究所有限公司,电子制造,
A股指数,801090.ZICN,申万交运设备Ⅰ,申万一级行业指数,2003-10-15,上海申银万国证券研究所有限公司,交运设备,
A股指数,801091.ZICN,申万非汽车交运设备Ⅱ,申万二级行业指数,2003-10-15,上海申银万国证券研究所有限公司,非汽车交运设备,
A股指数,801092.ZICN,申万汽车服务Ⅱ,申万二级行业指数,2003-10-15,上海申银万国证券研究所有限公司,汽车服务,
A股指数,801093.ZICN,申万汽车零部件Ⅱ,申万二级行业指数,2003-10-15,上海申银万国证券研究所有限公司,汽车零部件,
A股指数,801094.ZICN,申万汽车整车,申万二级行业指数,2003-10-15,上海申银万国证券研究所有限公司,汽车整车,
A股指数,801100.ZICN,申万信息设备Ⅰ,申万一级行业指数,2003-10-15,上海申银万国证券研究所有限公司,信息设备,
A股指数,801101.ZICN,申万计算机设备Ⅱ,申万二级行业指数,2003-10-15,上海申银万国证券研究所有限公司,计算机设备,
A股指数,801102.ZICN,申万通信设备,申万二级行业指数,2003-10-15,上海申银万国证券研究所有限公司,通信设备,
A股指数,801110.ZICN,申万家用电器,申万一级行业指数,2003-10-15,上海申银万国证券研究所有限公司,家用电器,
A股指数,801111.ZICN,申万白色家电,申万二级行业指数,2003-10-15,上海申银万国证券研究所有限公司,白色家电,
A股指数,801112.ZICN,申万视听器材,申万二级行业指数,2003-10-15,上海申银万国证券研究所有限公司,视听器材,
A股指数,801120.ZICN,申万食品饮料,申万一级行业指数,2003-10-15,上海申银万国证券研究所有限公司,食品饮料,
A股指数,801123.ZICN,申万饮料制造,申万二级行业指数,2003-10-15,上海申银万国证券研究所有限公司,饮料制造,
A股指数,801124.ZICN,申万食品加工,申万二级行业指数,2011-10-10,上海申银万国证券研究所有限公司,食品加工,
A股指数,801130.ZICN,申万纺织服装,申万一级行业指数,2003-10-15,上海申银万国证券研究所有限公司,纺织服装,
A股指数,801131.ZICN,申万纺织制造,申万二级行业指数,2003-10-15,上海申银万国证券研究所有限公司,纺织制造,
A股指数,801132.ZICN,申万服装家纺,申万二级行业指数,2003-10-15,上海申银万国证券研究所有限公司,服装家纺,
A股指数,801140.ZICN,申万轻工制造,申万一级行业指数,2003-10-15,上海申银万国证券研究所有限公司,轻工制造,
A股指数,801141.ZICN,申万包装印刷Ⅱ,申万二级行业指数,2003-10-15,上海申银万国证券研究所有限公司,包装印刷,
A股指数,801142.ZICN,申万家用轻工,申万二级行业指数,2003-10-15,上海申银万国证券研究所有限公司,家用轻工,
A股指数,801143.ZICN,申万造纸Ⅱ,申万二级行业指数,2003-10-15,上海申银万国证券研究所有限公司,造纸,
A股指数,801144.ZICN,申万其他轻工制造Ⅱ,申万二级行业指数,2011-10-10,上海申银万国证券研究所有限公司,其他轻工制造,
A股指数,801150.ZICN,申万医药生物,申万一级行业指数,2003-10-15,上海申银万国证券研究所有限公司,医药生物,
A股指数,801151.ZICN,申万化学制药,申万二级行业指数,2003-10-15,上海申银万国证券研究所有限公司,化学制药,
A股指数,801152.ZICN,申万生物制品Ⅱ,申万二级行业指数,2003-10-15,上海申银万国证券研究所有限公司,生物制品,
A股指数,801153.ZICN,申万医疗器械Ⅱ,申万二级行业指数,2003-10-15,上海申银万国证券研究所有限公司,医疗器械,
A股指数,801154.ZICN,申万医药商业Ⅱ,申万二级行业指数,2003-10-15,上海申银万国证券研究所有限公司,医药商业,
A股指数,801155.ZICN,申万中药Ⅱ,申万二级行业指数,2003-10-15,上海申银万国证券研究所有限公司,中药,
A股指数,801156.ZICN,申万医疗服务Ⅱ,申万二级行业指数,2007-07-02,上海申银万国证券研究所有限公司,医疗服务,
A股指数,801160.ZICN,申万公用事业,申万一级行业指数,2003-10-15,上海申银万国证券研究所有限公司,公用事业,
A股指数,801161.ZICN,申万电力,申万二级行业指数,2003-10-15,上海申银万国证券研究所有限公司,电力,
A股指数,801162.ZICN,申万环保工程及服务Ⅱ,申万二级行业指数,2003-10-15,上海申银万国证券研究所有限公司,环保工程及服务,
A股指数,801163.ZICN,申万燃气Ⅱ,申万二级行业指数,2003-10-15,上海申银万国证券研究所有限公司,燃气,
A股指数,801164.ZICN,申万水务Ⅱ,申万二级行业指数,2003-10-15,上海申银万国证券研究所有限公司,水务,
A股指数,801170.ZICN,申万交通运输,申万一级行业指数,2003-10-15,上海申银万国证券研究所有限公司,交通运输,
A股指数,801171.ZICN,申万港口Ⅱ,申万二级行业指数,2003-10-15,上海申银万国证券研究所有限公司,港口,
A股指数,801172.ZICN,申万公交Ⅱ,申万二级行业指数,2003-10-15,上海申银万国证券研究所有限公司,公交,
A股指数,801173.ZICN,申万航空运输Ⅱ,申万二级行业指数,2003-10-15,上海申银万国证券研究所有限公司,航空运输,
A股指数,801174.ZICN,申万机场Ⅱ,申万二级行业指数,2003-10-15,上海申银万国证券研究所有限公司,机场,
A股指数,801175.ZICN,申万高速公路Ⅱ,申万二级行业指数,2003-10-15,上海申银万国证券研究所有限公司,高速公路,
A股指数,801176.ZICN,申万航运Ⅱ,申万二级行业指数,2003-10-15,上海申银万国证券研究所有限公司,航运,
A股指数,801177.ZICN,申万铁路运输Ⅱ,申万二级行业指数,2003-10-15,上海申银万国证券研究所有限公司,铁路运输,
A股指数,801178.ZICN,申万物流Ⅱ,申万二级行业指数,2003-10-15,上海申银万国证券研究所有限公司,物流,
A股指数,801180.ZICN,申万房地产,申万一级行业指数,2003-10-15,上海申银万国证券研究所有限公司,房地产,
A股指数,801181.ZICN,申万房地产开发Ⅱ,申万二级行业指数,2003-10-15,上海申银万国证券研究所有限公司,房地产开发,
A股指数,801182.ZICN,申万园区开发Ⅱ,申万二级行业指数,2003-10-15,上海申银万国证券研究所有限公司,园区开发,
A股指数,801190.ZICN,申万金融服务Ⅰ,申万一级行业指数,2003-10-15,上海申银万国证券研究所有限公司,金融服务,
A股指数,801191.ZICN,申万多元金融Ⅱ,申万二级行业指数,2003-10-15,上海申银万国证券研究所有限公司,多元金融,
A股指数,801192.ZICN,申万银行Ⅱ,申万二级行业指数,2003-10-15,上海申银万国证券研究所有限公司,银行,
A股指数,801193.ZICN,申万证券Ⅱ,申万二级行业指数,2003-10-15,上海申银万国证券研究所有限公司,证券,
A股指数,801194.ZICN,申万保险Ⅱ,申万二级行业指数,2003-10-15,上海申银万国证券研究所有限公司,保险,
A股指数,801200.ZICN,申万商业贸易,申万一级行业指数,2003-10-15,上海申银万国证券研究所有限公司,商业贸易,
A股指数,801201.ZICN,申万零售Ⅱ,申万二级行业指数,2003-10-15,上海申银万国证券研究所有限公司,零售,
A股指数,801202.ZICN,申万贸易Ⅱ,申万二级行业指数,2003-10-15,上海申银万国证券研究所有限公司,贸易,
A股指数,801203.ZICN,申万一般零售,申万二级行业指数,2014-02-21,上海申银万国证券研究所有限公司,一般零售,
A股指数,801204.ZICN,申万专业零售,申万二级行业指数,2014-02-21,上海申银万国证券研究所有限公司,专业零售,
A股指数,801205.ZICN,申万商业物业经营Ⅱ,申万二级行业指数,2014-02-21,上海申银万国证券研究所有限公司,商业物业经营,
A股指数,801210.ZICN,申万休闲服务,申万一级行业指数,2003-10-15,上海申银万国证券研究所有限公司,休闲服务,
A股指数,801211.ZICN,申万餐饮Ⅱ,申万二级行业指数,2003-10-15,上海申银万国证券研究所有限公司,餐饮,
A股指数,801212.ZICN,申万景点,申万二级行业指数,2003-10-15,上海申银万国证券研究所有限公司,景点,
A股指数,801213.ZICN,申万酒店Ⅱ,申万二级行业指数,2003-10-15,上海申银万国证券研究所有限公司,酒店,
A股指数,801214.ZICN,申万旅游综合Ⅱ,申万二级行业指数,2003-10-15,上海申银万国证券研究所有限公司,旅游综合,
A股指数,801215.ZICN,申万其他休闲服务Ⅱ,申万二级行业指数,2014-02-21,上海申银万国证券研究所有限公司,其他休闲服务,
A股指数,801220.ZICN,申万信息服务Ⅰ,申万一级行业指数,2003-10-15,上海申银万国证券研究所有限公司,信息服务,
A股指数,801221.ZICN,申万传媒Ⅱ,申万二级行业指数,2003-10-15,上海申银万国证券研究所有限公司,传媒,
A股指数,801222.ZICN,申万计算机应用,申万二级行业指数,2003-10-15,上海申银万国证券研究所有限公司,计算机应用,
A股指数,801223.ZICN,申万通信运营Ⅱ,申万二级行业指数,2003-10-15,上海申银万国证券研究所有限公司,通信运营,
A股指数,801224.ZICN,申万网络服务Ⅱ,申万二级行业指数,2003-10-15,上海申银万国证券研究所有限公司,网络服务,
A股指数,801230.ZICN,申万综合Ⅰ,申万一级行业指数,2003-10-15,上海申银万国证券研究所有限公司,综合,
A股指数,801231.ZICN,申万综合Ⅱ,申万二级行业指数,2003-10-15,上海申银万国证券研究所有限公司,综合,
A股指数,801250.ZICN,申万制造,申万主题指数,2011-05-03,上海申银万国证券研究所有限公司,制造,
A股指数,801260.ZICN,申万消费,申万主题指数,2011-08-22,上海申银万国证券研究所有限公司,消费,
A股指数,801270.ZICN,申万投资,申万主题指数,2011-08-22,上海申银万国证券研究所有限公司,投资,
A股指数,801280.ZICN,申万服务,申万主题指数,2011-08-22,上海申银万国证券研究所有限公司,服务,
A股指数,801290.ZICN,申万基础化工,申万主题指数,2012-10-08,上海申银万国证券研究所有限公司,基础化工,
A股指数,801300.ZICN,申万300,申万规模指数,2003-10-15,上海申银万国证券研究所有限公司,申万300,
A股指数,801611.ZICN,申万国债全价,其他债券指数,2008-01-02,上海申银万国证券研究所有限公司,国债,
A股指数,801612.ZICN,申万企业债全价,其他债券指数,2008-01-02,上海申银万国证券研究所有限公司,企业债,
A股指数,801613.ZICN,申万全债,其他债券指数,2008-01-02,上海申银万国证券研究所有限公司,全债,
A股指数,801614.ZICN,申万转债,其他债券指数,2008-01-02,上海申银万国证券研究所有限公司,转债,
A股指数,801710.ZICN,申万建筑材料Ⅰ,申万一级行业指数,2014-02-21,上海申银万国证券研究所有限公司,建筑材料,
A股指数,801711.ZICN,申万水泥制造Ⅱ,申万二级行业指数,2014-02-21,上海申银万国证券研究所有限公司,水泥制造,
A股指数,801712.ZICN,申万玻璃制造Ⅱ,申万二级行业指数,2014-02-21,上海申银万国证券研究所有限公司,玻璃制造,
A股指数,801713.ZICN,申万其他建材Ⅱ,申万二级行业指数,2014-02-21,上海申银万国证券研究所有限公司,其他建材,
A股指数,801720.ZICN,申万建筑装饰Ⅰ,申万一级行业指数,2014-02-21,上海申银万国证券研究所有限公司,建筑装饰,
A股指数,801721.ZICN,申万房屋建设Ⅱ,申万二级行业指数,2014-02-21,上海申银万国证券研究所有限公司,房屋建设,
A股指数,801722.ZICN,申万装修装饰Ⅱ,申万二级行业指数,2014-02-21,上海申银万国证券研究所有限公司,装修装饰,
A股指数,801723.ZICN,申万基础建设Ⅱ,申万二级行业指数,2014-02-21,上海申银万国证券研究所有限公司,基础建设,
A股指数,801724.ZICN,申万专业工程Ⅱ,申万二级行业指数,2014-02-21,上海申银万国证券研究所有限公司,专业工程,
A股指数,801725.ZICN,申万园林工程Ⅱ,申万二级行业指数,2014-02-21,上海申银万国证券研究所有限公司,园林工程,
A股指数,801730.ZICN,申万电气设备Ⅰ,申万一级行业指数,2014-02-21,上海申银万国证券研究所有限公司,电气设备,
A股指数,801731.ZICN,申万电机Ⅱ,申万二级行业指数,2014-02-21,上海申银万国证券研究所有限公司,电机,
A股指数,801732.ZICN,申万电气自动化设备,申万二级行业指数,2014-02-21,上海申银万国证券研究所有限公司,电气自动化设备,
A股指数,801733.ZICN,申万电源设备Ⅱ,申万二级行业指数,2014-02-21,上海申银万国证券研究所有限公司,电源设备,
A股指数,801734.ZICN,申万高低压设备,申万二级行业指数,2014-02-21,上海申银万国证券研究所有限公司,高低压设备,
A股指数,801740.ZICN,申万国防军工,申万一级行业指数,2014-02-21,上海申银万国证券研究所有限公司,国防军工,
A股指数,801741.ZICN,申万航天装备Ⅱ,申万二级行业指数,2014-02-21,上海申银万国证券研究所有限公司,航天装备,
A股指数,801742.ZICN,申万航空装备Ⅱ,申万二级行业指数,2014-02-21,上海申银万国证券研究所有限公司,航空装备,
A股指数,801743.ZICN,申万地面兵装Ⅱ,申万二级行业指数,2014-02-21,上海申银万国证券研究所有限公司,地面兵装,
A股指数,801744.ZICN,申万船舶制造Ⅱ,申万二级行业指数,2014-02-21,上海申银万国证券研究所有限公司,船舶制造,
A股指数,801750.ZICN,申万计算机,申万一级行业指数,2014-02-21,上海申银万国证券研究所有限公司,计算机,
A股指数,801751.ZICN,申万营销传播,申万二级行业指数,2014-02-21,上海申银万国证券研究所有限公司,营销传播,
A股指数,801752.ZICN,申万互联网传媒,申万二级行业指数,2014-02-21,上海申银万国证券研究所有限公司,互联网传媒,
A股指数,801760.ZICN,申万传媒Ⅰ,申万一级行业指数,2014-02-21,上海申银万国证券研究所有限公司,传媒,
A股指数,801761.ZICN,申万文化传媒,申万二级行业指数,2014-02-21,上海申银万国证券研究所有限公司,文化传媒,
A股指数,801770.ZICN,申万通信,申万一级行业指数,2014-02-21,上海申银万国证券研究所有限公司,通信,
A股指数,801780.ZICN,申万银行Ⅰ,申万一级行业指数,2014-02-21,上海申银万国证券研究所有限公司,银行,
A股指数,801790.ZICN,申万非银金融,申万一级行业指数,2014-02-21,上海申银万国证券研究所有限公司,非银金融,
A股指数,801880.ZICN,申万汽车,申万一级行业指数,2014-02-21,上海申银万国证券研究所有限公司,汽车,
A股指数,801881.ZICN,申万其他交运设备Ⅱ,申万二级行业指数,2014-02-21,上海申银万国证券研究所有限公司,其他交运设备,
A股指数,801890.ZICN,申万机械设备Ⅰ,申万一级行业指数,2014-02-21,上海申银万国证券研究所有限公司,机械设备,
A股指数,802600.ZICN,申万交银装备,申万主题指数,2011-02-18,上海申银万国证券研究所有限公司,交银装备,
A股指数,806080.ZICN,申万三板医药生物,申万新三板指数,2015-12-29,上海申银万国证券研究所有限公司,医药生物,
A股指数,000016.ZICN,上证50,上证规模指数,2004-01-02,上海证券交易所,综合,
A股指数,000002.ZICN,上证A股,上证规模指数,1992-02-21,上海证券交易所,A股,
A股指数,000003.ZICN,上证B股,上证规模指数,1992-08-17,上海证券交易所,B股,
A股指数,000004.ZICN,上证工业,上证主题指数,1993-05-03,上海证券交易所,工业,
A股指数,000005.ZICN,上证商业,上证主题指数,1993-05-03,上海证券交易所,商业,
A股指数,000006.ZICN,上证地产,上证主题指数,1993-05-03,上海证券交易所,地产,
A股指数,000007.ZICN,上证公用,上证主题指数,1993-05-03,上海证券交易所,公用事业,
A股指数,000008.ZICN,上证综合,上证主题指数,1993-05-03,上海证券交易所,综合,
A股指数,000025.ZICN,上证180基建,上证主题指数,2008-12-15,上海证券交易所,基建,
A股指数,000026.ZICN,上证180资源,上证主题指数,2008-12-15,上海证券交易所,资源,
A股指数,000027.ZICN,上证180运输,上证主题指数,2008-12-15,上海证券交易所,运输,
A股指数,000032.ZICN,上证能源,上证全市场行业指数,2009-01-09,上海证券交易所,能源,
A股指数,000033.ZICN,上证材料,上证全市场行业指数,2009-01-09,上海证券交易所,原材料,
A股指数,000034.ZICN,上证工业,上证全市场行业指数,2009-01-09,上海证券交易所,工业,
A股指数,000035.ZICN,上证可选,上证全市场行业指数,2009-01-09,上海证券交易所,可选消费,
A股指数,000036.ZICN,上证消费,上证全市场行业指数,2009-01-09,上海证券交易所,主要消费,
A股指数,000037.ZICN,上证医药,上证全市场行业指数,2009-01-09,上海证券交易所,医药卫生,
A股指数,000038.ZICN,上证金融,上证全市场行业指数,2009-01-09,上海证券交易所,金融地产,
A股指数,000039.ZICN,上证信息,上证全市场行业指数,2009-01-09,上海证券交易所,信息技术,
A股指数,000040.ZICN,上证电信,上证全市场行业指数,2009-01-09,上海证券交易所,电信业务,
A股指数,000041.ZICN,上证公用,上证全市场行业指数,2009-01-09,上海证券交易所,公用事业,
A股指数,000065.ZICN,上证龙头,上证主题指数,2010-02-09,上海证券交易所,A股龙头,
A股指数,000094.ZICN,上证上游,上证主题指数,2011-05-10,上海证券交易所,上游,
A股指数,000095.ZICN,上证中游,上证主题指数,2011-05-10,上海证券交易所,中游,
A股指数,000096.ZICN,上证下游,上证主题指数,2011-05-10,上海证券交易所,下游,
A股指数,000097.ZICN,上证高端装备,上证主题指数,2011-05-24,上海证券交易所,高端装备,
A股指数,000104.ZICN,上证380能源,上证380行业指数,2011-06-13,上海证券交易所,能源,
A股指数,000106.ZICN,上证380工业,上证380行业指数,2011-06-13,上海证券交易所,工业,
A股指数,000107.ZICN,上证380可选,上证380行业指数,2011-06-13,上海证券交易所,可选消费,
A股指数,000108.ZICN,上证380消费,上证380行业指数,2011-06-13,上海证券交易所,主要消费,
A股指数,000109.ZICN,上证380医药,上证380行业指数,2011-06-13,上海证券交易所,医药卫生,
A股指数,000110.ZICN,上证380金融,上证380行业指数,2011-06-13,上海证券交易所,金融地产,
A股指数,000111.ZICN,上证380信息,上证380行业指数,2011-06-13,上海证券交易所,信息技术,
A股指数,000112.ZICN,上证380电信,上证380行业指数,2011-06-13,上海证券交易所,电信业务,
A股指数,000113.ZICN,上证380公用,上证380行业指数,2011-06-13,上海证券交易所,公用事业,
A股指数,000121.ZICN,上证医药主题,上证主题指数,2011-10-18,上海证券交易所,医药,
A股指数,000122.ZICN,上证农业主题,上证主题指数,2011-10-18,上海证券交易所,农业,
A股指数,000105.ZICN,上证380材料,上证380行业指数,2011-06-13,上海证券交易所,原材料,
A股指数,000159.ZICN,上证沪股通,上证主题指数,2014-11-17,上海证券交易所,沪股通,
A股指数,000160.ZICN,上证沪新丝路,上证主题指数,2015-06-24,上海证券交易所,新丝路,
A股指数,000161.ZICN,上证沪中国造,上证主题指数,2015-10-29,上海证券交易所,中国造,
A股指数,000162.ZICN,上证沪互联+,上证主题指数,2015-10-29,上海证券交易所,互联+,
A股指数,000688.XSHG,上证科创50,上证规模指数,2020-07-23,上海证券交易所,科创50,
A股指数,000902.ZICN,中证流通,中证规模指数,2006-02-27,中证指数有限公司,中证流通,
A股指数,000806.ZICN,中证消费服务,中证主题指数,2012-02-10,中证指数有限公司,消费服务,
A股指数,000807.ZICN,中证食品饮料,中证主题指数,2012-02-17,中证指数有限公司,食品饮料,
A股指数,000808.ZICN,中证医药生物,中证主题指数,2012-02-17,中证指数有限公司,医药生物,
A股指数,000809.ZICN,中证细分农业,中证主题指数,2012-04-11,中证指数有限公司,细分农业,
A股指数,000810.ZICN,中证细分能源,中证主题指数,2012-04-11,中证指数有限公司,细分能源,
A股指数,000811.ZICN,中证细分有色,中证主题指数,2012-04-11,中证指数有限公司,细分有色,
A股指数,000812.ZICN,中证细分机械,中证主题指数,2012-04-11,中证指数有限公司,细分机械,
A股指数,000813.ZICN,中证细分化工,中证主题指数,2012-04-11,中证指数有限公司,细分化工,
A股指数,000814.ZICN,中证细分医药,中证主题指数,2012-04-11,中证指数有限公司,细分医药,
A股指数,000815.ZICN,中证细分食品,中证主题指数,2012-04-11,中证指数有限公司,细分食品,
A股指数,000816.ZICN,中证细分地产,中证主题指数,2012-04-11,中证指数有限公司,细分地产,
A股指数,000817.ZICN,中证兴证海西,中证主题指数,2011-09-27,中证指数有限公司,兴证海西,
A股指数,000818.ZICN,中证细分金融,中证主题指数,2012-04-11,中证指数有限公司,细分金融,
A股指数,000819.ZICN,中证有色金属,中证主题指数,2012-05-09,中证指数有限公司,有色金属,
A股指数,000820.ZICN,中证煤炭指数,中证主题指数,2012-05-09,中证指数有限公司,煤炭,
A股指数,000827.ZICN,中证环保,中证主题指数,2012-09-25,中证指数有限公司,环保,
A股指数,000840.ZICN,中证浙江民企,中证主题指数,2012-11-09,中证指数有限公司,浙江民企,
A股指数,000841.ZICN,中证800医药,中证800行业指数,2012-12-21,中证指数有限公司,医药生物,
A股指数,000849.ZICN,中证300非银,中证主题指数,2012-12-21,中证指数有限公司,非银,
A股指数,000850.ZICN,中证300有色,中证主题指数,2012-12-21,中证指数有限公司,有色,
A股指数,000854.ZICN,中证500原料,中证500行业指数,2013-11-06,中证指数有限公司,原材料,
A股指数,000856.ZICN,中证500工业,中证500行业指数,2013-11-06,中证指数有限公司,工业,
A股指数,000857.ZICN,中证500医药,中证500行业指数,2013-11-06,中证指数有限公司,医药卫生,
A股指数,000858.ZICN,中证500信息,中证500行业指数,2013-11-06,中证指数有限公司,信息技术,
A股指数,000859.ZICN,中证国企一带一路,中证主题指数,2019-05-16,中证指数有限公司,一带一路,
A股指数,000863.ZICN,中证CS精准医,中证主题指数,2015-08-05,中证指数有限公司,精准医,
A股指数,000865.ZICN,中证上海国企,中证主题指数,2016-05-11,中证指数有限公司,上海国企,
A股指数,000867.ZICN,中证港中小企,中证主题指数,2015-08-26,中证指数有限公司,港中小企,
A股指数,000869.ZICN,中证HK银行,中证主题指数,2016-04-22,中证指数有限公司,HK银行,
A股指数,000928.ZICN,中证能源,中证主题指数,2009-07-03,中证指数有限公司,能源,
A股指数,000929.ZICN,中证材料,中证800行业指数,2009-07-03,中证指数有限公司,原材料,
A股指数,000930.ZICN,中证工业,中证800行业指数,2009-07-03,中证指数有限公司,工业,
A股指数,000931.ZICN,中证可选,中证800行业指数,2009-07-03,中证指数有限公司,可选消费,
A股指数,000932.ZICN,中证消费,中证800行业指数,2009-07-03,中证指数有限公司,主要消费,
A股指数,000933.ZICN,中证医药,中证800行业指数,2009-07-03,中证指数有限公司,医药卫生,
A股指数,000934.ZICN,中证金融,中证800行业指数,2009-07-03,中证指数有限公司,金融地产,
A股指数,000935.ZICN,中证信息,中证800行业指数,2009-07-03,中证指数有限公司,信息技术,
A股指数,000936.ZICN,中证电信,中证800行业指数,2009-07-03,中证指数有限公司,电信业务,
A股指数,000937.ZICN,中证公用,中证800行业指数,2009-07-03,中证指数有限公司,公用事业,
A股指数,000938.ZICN,中证民企,中证主题指数,2009-08-25,中证指数有限公司,民企,
A股指数,000939.ZICN,中证民企成长,中证主题指数,2009-08-25,中证指数有限公司,民企成长,
A股指数,000940.ZICN,中证财富大盘,中证策略指数,2009-09-25,中证指数有限公司,财富大盘,
A股指数,000941.ZICN,中证新能源,中证主题指数,2009-10-28,中证指数有限公司,新能源,
A股指数,000942.ZICN,中证内地消费,中证主题指数,2009-10-28,中证指数有限公司,内地消费,
A股指数,000943.ZICN,中证新基建50,中证主题指数,2009-10-28,中证指数有限公司,新基建50,
A股指数,000944.ZICN,中证内地资源,中证主题指数,2009-10-28,中证指数有限公司,内地资源,
A股指数,000945.ZICN,中证内地运输,中证主题指数,2009-10-28,中证指数有限公司,内地运输,
A股指数,000946.ZICN,中证内地金融,中证主题指数,2009-10-28,中证指数有限公司,内地金融,
A股指数,000947.ZICN,中证内地银行,中证主题指数,2009-10-28,中证指数有限公司,内地银行,
A股指数,000948.ZICN,中证内地地产,中证主题指数,2009-10-28,中证指数有限公司,内地地产,
A股指数,000949.ZICN,中证农业,中证主题指数,2009-10-28,中证指数有限公司,农业,
A股指数,000950.ZICN,中证300基建,中证主题指数,2009-10-28,中证指数有限公司,基建,
A股指数,000951.ZICN,中证300银行,中证主题指数,2009-10-28,中证指数有限公司,银行,
A股指数,000952.ZICN,中证300地产,中证主题指数,2009-10-28,中证指数有限公司,地产,
A股指数,000953.ZICN,中证地企,中证主题指数,2010-02-09,中证指数有限公司,地企,
A股指数,000955.ZICN,中证国企,中证主题指数,2010-02-09,中证指数有限公司,国企,
A股指数,000977.ZICN,中证内地低碳,中证主题指数,2011-01-21,中证指数有限公司,内地低碳,
A股指数,000979.ZICN,中证大宗商品,中证主题指数,2011-08-22,中证指数有限公司,大宗商品,
A股指数,000986.ZICN,中证全指能源,中证全指行业指数,2011-08-02,中证指数有限公司,能源,
A股指数,000987.ZICN,中证全指材料,中证全指行业指数,2011-08-02,中证指数有限公司,原材料,
A股指数,000988.ZICN,中证全指工业,中证全指行业指数,2011-08-02,中证指数有限公司,工业,
A股指数,000989.ZICN,中证全指可选,中证全指行业指数,2011-08-02,中证指数有限公司,可选消费,
A股指数,000990.ZICN,中证全指消费,中证全指行业指数,2011-08-02,中证指数有限公司,主要消费,
A股指数,000991.ZICN,中证全指医药,中证全指行业指数,2011-08-02,中证指数有限公司,医药卫生,
A股指数,000992.ZICN,中证全指金融,中证全指行业指数,2011-08-02,中证指数有限公司,金融地产,
A股指数,000993.ZICN,中证全指信息,中证全指行业指数,2011-08-02,中证指数有限公司,信息技术,
A股指数,000994.ZICN,中证全指电信,中证全指行业指数,2011-08-02,中证指数有限公司,电信业务,
A股指数,000995.ZICN,中证全指公用,中证全指行业指数,2011-08-02,中证指数有限公司,公用事业,
A股指数,000001.ESCI.XZCE,易盛农期综指,郑商所期货指数,nan,郑州商品交易所,农期综指,
A股指数,000002.ESCI.XZCE,易盛农期谷物,郑商所期货指数,2018-10-22,郑州商品交易所,谷物,
A股指数,000003.ESCI.XZCE,易盛农期软商,郑商所期货指数,nan,郑州商品交易所,软商,
A股指数,000004.ESCI.XZCE,易盛农期油脂,郑商所期货指数,nan,郑州商品交易所,油脂,
A股指数,000005.ESCI.XZCE,易盛农期强麦,郑商所期货指数,2003-03-28,郑州商品交易所,强麦,
A股指数,000006.ESCI.XZCE,易盛农期早籼,郑商所期货指数,2009-04-20,郑州商品交易所,早籼,
A股指数,000007.ESCI.XZCE,易盛农期棉花,郑商所期货指数,2004-06-01,郑州商品交易所,棉花,
A股指数,000008.ESCI.XZCE,易盛农期白糖,郑商所期货指数,2006-01-06,郑州商品交易所,白糖,
A股指数,000009.ESCI.XZCE,易盛农期菜油,郑商所期货指数,2007-06-08,郑州商品交易所,菜油,
A股指数,000010.ESCI.XZCE,易盛农期菜粕,郑商所期货指数,2012-12-28,郑州商品交易所,菜粕,
A股指数,000011.ESCI.XZCE,易盛农期棉纱,郑商所期货指数,2018-11-08,郑州商品交易所,棉纱,
A股指数,000101.ESCI.XZCE,易盛农基综指,郑商所期货指数,nan,郑州商品交易所,农基综指,
A股指数,000102.ESCI.XZCE,易盛农基谷物,郑商所期货指数,2018-10-22,郑州商品交易所,农基谷物,
A股指数,000103.ESCI.XZCE,易盛农基软商,郑商所期货指数,nan,郑州商品交易所,农基软商,
A股指数,000104.ESCI.XZCE,易盛农基油脂,郑商所期货指数,nan,郑州商品交易所,农基油脂,
A股指数,000105.ESCI.XZCE,易盛农基强麦,郑商所期货指数,nan,郑州商品交易所,农基强麦,
A股指数,000106.ESCI.XZCE,易盛农基早籼,郑商所期货指数,nan,郑州商品交易所,农基早籼,
A股指数,000107.ESCI.XZCE,易盛农基棉花,郑商所期货指数,nan,郑州商品交易所,农基棉花,
A股指数,000108.ESCI.XZCE,易盛农基白糖,郑商所期货指数,nan,郑州商品交易所,农基白糖,
A股指数,000109.ESCI.XZCE,易盛农基菜油,郑商所期货指数,nan,郑州商品交易所,农基菜油,
A股指数,000110.ESCI.XZCE,易盛农基菜粕,郑商所期货指数,nan,郑州商品交易所,农基菜粕,
A股指数,000205.ESCI.XZCE,易盛纺织,郑商所期货指数,2018-10-22,郑州商品交易所,纺织,
A股指数,000301.ESCI.XZCE,易盛PTA,郑商所期货指数,2018-10-22,郑州商品交易所,PTA,
A股指数,000302.ESCI.XZCE,易盛白糖,郑商所期货指数,2018-10-22,郑州商品交易所,白糖,
A股指数,000303.ESCI.XZCE,易盛动力煤,郑商所期货指数,2018-10-22,郑州商品交易所,动力煤,
A股指数,000502.ESCI.XZCE,易盛能化,郑商所期货指数,2018-10-22,郑州商品交易所,能化,
A股指数,000601.ESCI.XZCE,易盛棉糖,郑商所期货指数,2018-10-22,郑州商品交易所,棉糖,
A股指数,399803.ZICN,中证工业4.0,中证主题指数,2015-02-13,中证指数有限公司,工业4.0,
A股指数,399804.ZICN,中证体育,中证主题指数,2015-02-09,中证指数有限公司,体育,
A股指数,399805.ZICN,中证互联金融,中证主题指数,2015-02-10,中证指数有限公司,互联金融,
A股指数,399806.ZICN,中证环境治理,中证主题指数,2014-07-21,中证指数有限公司,环境治理,
A股指数,399807.ZICN,中证高铁产业,中证主题指数,2015-01-20,中证指数有限公司,高铁产业,
A股指数,399808.ZICN,中证新能,中证主题指数,2015-02-10,中证指数有限公司,新能,
A股指数,399809.ZICN,中证保险主题,中证主题指数,2015-02-13,中证指数有限公司,保险,
A股指数,399810.ZICN,中证CSSW传媒,中证主题指数,2015-08-03,中证指数有限公司,传媒,
A股指数,399811.ZICN,中证CSSW电子,中证主题指数,2015-08-03,中证指数有限公司,电子,
A股指数,399812.ZICN,中证养老产业,中证主题指数,2014-06-06,中证指数有限公司,养老产业,
A股指数,399813.ZICN,中证国安,中证主题指数,2015-01-29,中证指数有限公司,国安,
A股指数,399814.ZICN,中证大农业,中证主题指数,2014-07-22,中证指数有限公司,农业,
A股指数,399928.ZICN,中证能源,中证800行业指数,2009-07-03,中证指数有限公司,能源,
A股指数,399929.ZICN,中证材料,中证800行业指数,2009-07-03,中证指数有限公司,原材料,
A股指数,399930.ZICN,中证工业,中证800行业指数,2009-07-03,中证指数有限公司,工业,
A股指数,399931.ZICN,中证可选,中证800行业指数,2009-07-03,中证指数有限公司,可选消费,
A股指数,399932.ZICN,中证消费,中证800行业指数,2009-07-03,中证指数有限公司,主要消费,
A股指数,399933.ZICN,中证医药,中证800行业指数,2009-07-03,中证指数有限公司,医药卫生,
A股指数,399934.ZICN,中证金融,中证800行业指数,2009-07-03,中证指数有限公司,金融地产,
A股指数,399935.ZICN,中证信息,中证800行业指数,2009-07-03,中证指数有限公司,信息技术,
A股指数,399936.ZICN,中证电信,中证800行业指数,2009-07-03,中证指数有限公司,电信业务,
A股指数,399937.ZICN,中证公用,中证800行业指数,2009-07-03,中证指数有限公司,公用事业,
A股指数,399938.ZICN,中证民企,中证主题指数,2009-08-25,中证指数有限公司,民企,
A股指数,399939.ZICN,中证民企成长,中证主题指数,2009-08-25,中证指数有限公司,民企成长,
A股指数,399941.ZICN,中证新能源,中证主题指数,2009-10-28,中证指数有限公司,新能源,
A股指数,399942.ZICN,中证内地消费,中证主题指数,2009-10-28,中证指数有限公司,内地消费,
A股指数,399943.ZICN,中证内地基建,中证主题指数,2009-10-28,中证指数有限公司,内地基建,
A股指数,399944.ZICN,中证内地资源,中证主题指数,2009-10-28,中证指数有限公司,内地资源,
A股指数,399945.ZICN,中证内地运输,中证主题指数,2009-10-28,中证指数有限公司,内地运输,
A股指数,399946.ZICN,中证内地金融,中证主题指数,2009-10-28,中证指数有限公司,内地金融,
A股指数,399947.ZICN,中证内地银行,中证主题指数,2009-10-28,中证指数有限公司,内地银行,
A股指数,399948.ZICN,中证内地地产,中证主题指数,2009-10-28,中证指数有限公司,内地地产,
A股指数,399949.ZICN,中证内地农业,中证主题指数,2009-10-28,中证指数有限公司,内地农业,
A股指数,399965.ZICN,中证800地产,中证800行业指数,2012-12-21,中证指数有限公司,房地产,
A股指数,930670.OTER,中证500商业,中证500行业指数,2015-07-07,中证指数有限公司,商业服务与用品,
A股指数,930671.OTER,中证500运输,中证500行业指数,2015-07-07,中证指数有限公司,交通运输,
A股指数,930672.OTER,中证500资本品,中证500行业指数,2015-07-07,中证指数有限公司,资本品,
A股指数,930673.OTER,中证500房地产,中证500行业指数,2015-07-07,中证指数有限公司,房地产,
A股指数,930674.OTER,中证500零售,中证500行业指数,2015-07-07,中证指数有限公司,零售业,
A股指数,930675.OTER,中证500媒体,中证500行业指数,2015-07-07,中证指数有限公司,传媒,
A股指数,930676.OTER,中证500耐用,中证500行业指数,2015-07-07,中证指数有限公司,耐用消费品与服装,
A股指数,930677.OTER,中证500汽车汽配,中证500行业指数,2015-07-07,中证指数有限公司,汽车与汽车零部件,
A股指数,930678.OTER,中证500半导体,中证500行业指数,2015-07-07,中证指数有限公司,半导体,
A股指数,930679.OTER,中证500硬件,中证500行业指数,2015-07-07,中证指数有限公司,计算机及电子设备,
A股指数,930680.OTER,中证500软件,中证500行业指数,2015-07-07,中证指数有限公司,计算机运用,
A股指数,930681.OTER,中证500制药生物,中证500行业指数,2015-07-07,中证指数有限公司,医药生物,
A股指数,930682.OTER,中证500食品饮料,中证500行业指数,2015-07-07,中证指数有限公司,食品、饮料与烟草,
A股指数,930683.OTER,中证500电气设备,中证500行业指数,2015-07-07,中证指数有限公司,电气设备,
A股指数,930684.OTER,中证500机械,中证500行业指数,2015-07-07,中证指数有限公司,机械制造,
A股指数,930685.OTER,中证500建筑工程,中证500行业指数,2015-07-07,中证指数有限公司,建筑与工程,
A股指数,930686.OTER,中证500多元零售,中证500行业指数,2015-07-07,中证指数有限公司,多元化零售,
A股指数,930687.OTER,中证500纺织服装,中证500行业指数,2015-07-07,中证指数有限公司,纺织服装,
A股指数,930688.OTER,中证500耐用消费,中证500行业指数,2015-07-07,中证指数有限公司,家庭耐用消费品,
A股指数,930689.OTER,中证500煤炭,中证500行业指数,2015-07-07,中证指数有限公司,煤炭,
A股指数,930690.OTER,中证500电子仪器,中证500行业指数,2015-07-07,中证指数有限公司,电子设备,
A股指数,930691.OTER,中证500制药,中证500行业指数,2015-07-07,中证指数有限公司,制药,
A股指数,930692.OTER,中证500化学制品,中证500行业指数,2015-07-07,中证指数有限公司,化学制品,
A股指数,930693.OTER,中证500建筑材料,中证500行业指数,2015-07-07,中证指数有限公司,建筑材料,
A股指数,930694.OTER,中证500有色金属,中证500行业指数,2015-07-07,中证指数有限公司,有色金属,
A股指数,930695.OTER,中证500农牧渔,中证500行业指数,2015-07-07,中证指数有限公司,农牧渔产品,
A股指数,930696.OTER,中证500饮料,中证500行业指数,2015-07-07,中证指数有限公司,饮料,
A股指数,930800.ZICN,中证中国1000能源,中国1000行业指数,2016-05-10,中证指数有限公司,能源,
A股指数,930801.ZICN,中证中国1000材料,中国1000行业指数,2016-05-10,中证指数有限公司,原材料,
A股指数,930802.ZICN,中证中国1000工业,中国1000行业指数,2016-05-10,中证指数有限公司,工业,
A股指数,930803.ZICN,中证中国1000可选,中国1000行业指数,2016-05-10,中证指数有限公司,可选消费,
A股指数,930804.ZICN,中证中国1000消费,中国1000行业指数,2016-05-10,中证指数有限公司,主要消费,
A股指数,930805.ZICN,中证中国1000医药,中国1000行业指数,2016-05-10,中证指数有限公司,医药卫生,
A股指数,930806.ZICN,中证中国1000金融,中国1000行业指数,2016-05-10,中证指数有限公司,金融地产,
A股指数,930807.ZICN,中证中国1000信息,中国1000行业指数,2016-05-10,中证指数有限公司,信息技术,
A股指数,930808.ZICN,中证中国1000电信,中国1000行业指数,2016-05-10,中证指数有限公司,电信业务,
A股指数,930809.ZICN,中证中国1000公用,中国1000行业指数,2016-05-10,中证指数有限公司,公用事业,
A股指数,931090.OTER,中证海外中国能源,中证海外中国内地行业指数,2018-08-14,中证指数有限公司,能源,
A股指数,931091.OTER,中证海外中国材料,中证海外中国内地行业指数,2018-08-14,中证指数有限公司,原材料,
A股指数,931092.OTER,中证海外中国工业,中证海外中国内地行业指数,2018-08-14,中证指数有限公司,工业,
A股指数,931093.OTER,中证海外中国可选,中证海外中国内地行业指数,2018-08-14,中证指数有限公司,可选消费,
A股指数,931094.OTER,中证海外中国消费,中证海外中国内地行业指数,2018-08-14,中证指数有限公司,主要消费,
A股指数,931095.OTER,中证海外中国医药,中证海外中国内地行业指数,2018-08-14,中证指数有限公司,医药卫生,
A股指数,931096.OTER,中证海外中国金融,中证海外中国内地行业指数,2018-08-14,中证指数有限公司,金融地产,
A股指数,931097.OTER,中证海外中国信息,中证海外中国内地行业指数,2018-08-14,中证指数有限公司,信息技术,
A股指数,931098.OTER,中证海外中国电信,中证海外中国内地行业指数,2018-08-14,中证指数有限公司,电信业务,
A股指数,931099.OTER,中证海外中国公用,中证海外中国内地行业指数,2018-08-14,中证指数有限公司,公用事业,
A股指数,931100.OTER,中证海外中国能源HKD,中证海外中国内地行业指数,2018-08-14,中证指数有限公司,能源,
A股指数,931101.OTER,中证海外中国材料HKD,中证海外中国内地行业指数,2018-08-14,中证指数有限公司,原材料,
A股指数,931102.OTER,中证海外中国工业HKD,中证海外中国内地行业指数,2018-08-14,中证指数有限公司,工业,
A股指数,931103.OTER,中证海外中国可选HKD,中证海外中国内地行业指数,2018-08-14,中证指数有限公司,可选消费,
A股指数,931104.OTER,中证海外中国消费HKD,中证海外中国内地行业指数,2018-08-14,中证指数有限公司,主要消费,
A股指数,931105.OTER,中证海外中国医药HKD,中证海外中国内地行业指数,2018-08-14,中证指数有限公司,医药卫生,
A股指数,931106.OTER,中证海外中国金融HKD,中证海外中国内地行业指数,2018-08-14,中证指数有限公司,金融地产,
A股指数,931107.OTER,中证海外中国信息HKD,中证海外中国内地行业指数,2018-08-14,中证指数有限公司,信息技术,
A股指数,931108.OTER,中证海外中国电信HKD,中证海外中国内地行业指数,2018-08-14,中证指数有限公司,电信业务,
A股指数,931109.OTER,中证海外中国公用HKD,中证海外中国内地行业指数,2018-08-14,中证指数有限公司,公用事业,
A股指数,931110.OTER,中证海外中国能源USD,中证海外中国内地行业指数,2018-08-14,中证指数有限公司,能源,
A股指数,931111.OTER,中证海外中国材料USD,中证海外中国内地行业指数,2018-08-14,中证指数有限公司,原材料,
A股指数,931112.OTER,中证海外中国工业USD,中证海外中国内地行业指数,2018-08-14,中证指数有限公司,工业,
A股指数,931113.OTER,中证海外中国可选USD,中证海外中国内地行业指数,2018-08-14,中证指数有限公司,可选消费,
A股指数,931114.OTER,中证海外中国消费USD,中证海外中国内地行业指数,2018-08-14,中证指数有限公司,主要消费,
A股指数,931115.OTER,中证海外中国医药USD,中证海外中国内地行业指数,2018-08-14,中证指数有限公司,医药卫生,
A股指数,931116.OTER,中证海外中国金融USD,中证海外中国内地行业指数,2018-08-14,中证指数有限公司,金融地产,
A股指数,931117.OTER,中证海外中国信息USD,中证海外中国内地行业指数,2018-08-14,中证指数有限公司,信息技术,
A股指数,931118.OTER,中证海外中国电信USD,中证海外中国内地行业指数,2018-08-14,中证指数有限公司,电信业务,
A股指数,931119.OTER,中证海外中国公用USD,中证海外中国内地行业指数,2018-08-14,中证指数有限公司,公用事业,
A股指数,931530HKD00.OTER,中证中国500能源HKD,中国400行业指数,2014-10-17,中证指数有限公司,能源,
A股指数,931531HKD00.OTER,中证中国500材料HKD,中国400行业指数,2014-10-17,中证指数有限公司,原材料,
A股指数,931532HKD00.OTER,中证中国500工业HKD,中国400行业指数,2014-10-17,中证指数有限公司,工业,
A股指数,931533HKD00.OTER,中证中国500可选HKD,中国400行业指数,2014-10-17,中证指数有限公司,可选消费,
A股指数,931534HKD00.OTER,中证中国500消费HKD,中国400行业指数,2014-10-17,中证指数有限公司,主要消费,
A股指数,931535HKD00.OTER,中证中国500医药HKD,中国400行业指数,2014-10-17,中证指数有限公司,医药卫生,
A股指数,931536HKD00.OTER,中证中国500金融HKD,中国400行业指数,2014-10-17,中证指数有限公司,金融地产,
A股指数,931537HKD00.OTER,中证中国500信息HKD,中国400行业指数,2014-10-17,中证指数有限公司,信息技术,
A股指数,931538HKD00.OTER,中证中国500电信HKD,中国400行业指数,2014-10-17,中证指数有限公司,电信业务,
A股指数,931539HKD00.OTER,中证中国500公用HKD,中国400行业指数,2014-10-17,中证指数有限公司,公用事业,
A股指数,931540HKD00.OTER,中证中国1000能源HKD,中国1000行业指数,2016-05-10,中证指数有限公司,能源,
A股指数,931541HKD00.OTER,中证中国1000材料HKD,中国1000行业指数,2016-05-10,中证指数有限公司,原材料,
A股指数,931542HKD00.OTER,中证中国1000工业HKD,中国1000行业指数,2016-05-10,中证指数有限公司,工业,
A股指数,931543HKD00.OTER,中证中国1000可选HKD,中国1000行业指数,2016-05-10,中证指数有限公司,可选消费,
A股指数,931544HKD00.OTER,中证中国1000消费HKD,中国1000行业指数,2016-05-10,中证指数有限公司,主要消费,
A股指数,931545HKD00.OTER,中证中国1000医药HKD,中国1000行业指数,2016-05-10,中证指数有限公司,医药卫生,
A股指数,931546HKD00.OTER,中证中国1000金融HKD,中国1000行业指数,2016-05-10,中证指数有限公司,金融地产,
A股指数,931547HKD00.OTER,中证中国1000信息HKD,中国1000行业指数,2016-05-10,中证指数有限公司,信息技术,
A股指数,931548HKD00.OTER,中证中国1000电信HKD,中国1000行业指数,2016-05-10,中证指数有限公司,电信业务,
A股指数,931549HKD00.OTER,中证中国1000公用HKD,中国1000行业指数,2016-05-10,中证指数有限公司,公用事业,
A股指数,H11030.OTER,中证AMAC农林,AMAC行业指数,2009-06-15,中证指数有限公司,农、林、牧、渔业,
A股指数,H11031.OTER,中证AMAC采矿,AMAC行业指数,2009-06-15,中证指数有限公司,采矿业,
A股指数,H11041.OTER,中证AMAC公用,AMAC行业指数,2009-06-15,中证指数有限公司,电力、热力、燃气及水生产和供应业,
A股指数,H11042.OTER,中证AMAC建筑,AMAC行业指数,2009-06-15,中证指数有限公司,建筑业,
A股指数,H11043.OTER,中证AMAC交运,AMAC行业指数,2009-06-15,中证指数有限公司,交通运输、仓储和邮政业,
A股指数,H11044.OTER,中证AMAC信息,AMAC行业指数,2009-06-15,中证指数有限公司,信息传输、软件和信息技术服务业,
A股指数,H11045.OTER,中证AMAC批零,AMAC行业指数,2009-06-15,中证指数有限公司,批发和零售业,
A股指数,H11046.OTER,中证AMAC金融,AMAC行业指数,2009-06-15,中证指数有限公司,金融业,
A股指数,H11047.OTER,中证AMAC地产,AMAC行业指数,2009-06-15,中证指数有限公司,房地产业,
A股指数,H11049.OTER,中证AMAC文体,AMAC行业指数,2009-06-15,中证指数有限公司,文化、体育和娱乐业,
A股指数,H11050.OTER,中证AMAC综企,AMAC行业指数,2009-06-15,中证指数有限公司,综合,
A股指数,H30010.ZICN,中证800能源,中证800行业指数,2012-12-21,中证指数有限公司,能源,
A股指数,H30011.ZICN,中证800材料,中证800行业指数,2012-12-21,中证指数有限公司,原材料,
A股指数,H30012.ZICN,中证800资本,中证800行业指数,2012-12-21,中证指数有限公司,资本品,
A股指数,H30013.ZICN,中证800商业,中证800行业指数,2012-12-21,中证指数有限公司,商业服务与用品,
A股指数,H30014.ZICN,中证800运输,中证800行业指数,2012-12-21,中证指数有限公司,交通运输,
A股指数,H30015.ZICN,中证800汽车,中证800行业指数,2012-12-21,中证指数有限公司,汽车与汽车零部件,
A股指数,H30016.ZICN,中证800耐用,中证800行业指数,2012-12-21,中证指数有限公司,耐用消费品与服装,
A股指数,H30017.ZICN,中证800服务,中证800行业指数,2012-12-21,中证指数有限公司,消费者服务,
A股指数,H30018.ZICN,中证800媒体,中证800行业指数,2012-12-21,中证指数有限公司,传媒,
A股指数,H30019.ZICN,中证800零售,中证800行业指数,2012-12-21,中证指数有限公司,零售业,
A股指数,H30020.ZICN,中证800食零,中证800行业指数,2012-12-21,中证指数有限公司,食品与主要用品零售,
A股指数,H30021.ZICN,中证800食品,中证800行业指数,2012-12-21,中证指数有限公司,食品、饮料与烟草,
A股指数,H30022.ZICN,中证800银行,中证800行业指数,2012-12-21,中证指数有限公司,银行,
A股指数,H30023.ZICN,中证800资本,中证800行业指数,2012-12-21,中证指数有限公司,资本市场,
A股指数,H30024.ZICN,中证800保险,中证800行业指数,2012-12-21,中证指数有限公司,保险,
A股指数,H30026.ZICN,中证800软件,中证800行业指数,2012-12-21,中证指数有限公司,计算机运用,
A股指数,H30027.ZICN,中证800硬件,中证800行业指数,2012-12-21,中证指数有限公司,计算机及电子设备,
A股指数,H30028.ZICN,中证800半导,中证800行业指数,2012-12-21,中证指数有限公司,半导体,
A股指数,H30029.ZICN,中证800通信,中证800行业指数,2012-12-21,中证指数有限公司,通信设备,
A股指数,H30030.ZICN,中证800公用,中证800行业指数,2012-12-21,中证指数有限公司,公用事业,
A股指数,H30036.OTER,中证AMAC餐饮,AMAC行业指数,2013-01-21,中证指数有限公司,住宿和餐饮业,
A股指数,H30037.OTER,中证AMAC商务,AMAC行业指数,2013-01-21,中证指数有限公司,租赁和商务服务业,
A股指数,H30038.OTER,中证AMAC科技,AMAC行业指数,2013-01-21,中证指数有限公司,科学研究和技术服务业,
A股指数,H30039.OTER,中证AMAC公共,AMAC行业指数,2013-01-21,中证指数有限公司,水利、环境和公共设施管理业,
A股指数,H30040.OTER,中证AMAC社会,AMAC行业指数,2013-01-21,中证指数有限公司,居民服务、修理和其他服务业,
A股指数,H30041.OTER,中证AMAC农副,AMAC行业指数,2013-01-21,中证指数有限公司,农副食品加工业,
A股指数,H30042.OTER,中证AMAC食品,AMAC行业指数,2013-01-21,中证指数有限公司,食品制造业,
A股指数,H30043.OTER,中证AMAC饮料,AMAC行业指数,2013-01-21,中证指数有限公司,酒、饮料和精制茶制造业,
A股指数,H30044.OTER,中证AMAC纺织,AMAC行业指数,2013-01-21,中证指数有限公司,纺织业,
A股指数,H30045.OTER,中证AMAC服装,AMAC行业指数,2013-01-21,中证指数有限公司,纺织服装、服饰业,
A股指数,H30046.OTER,中证AMAC皮革,AMAC行业指数,2013-01-21,中证指数有限公司,皮革、毛皮、羽毛及其制品和制鞋业,
A股指数,H30047.OTER,中证AMAC木材,AMAC行业指数,2013-01-21,中证指数有限公司,木材加工和木、竹、藤、棕、草制品业,
A股指数,H30048.OTER,中证AMAC家具,AMAC行业指数,2013-01-21,中证指数有限公司,家具制造业,
A股指数,H30049.OTER,中证AMAC造纸,AMAC行业指数,2013-01-21,中证指数有限公司,造纸和纸制品业,
A股指数,H30050.OTER,中证AMAC印刷,AMAC行业指数,2013-01-21,中证指数有限公司,印刷和记录媒介复制业,
A股指数,H30051.OTER,中证AMAC文教,AMAC行业指数,2013-01-21,中证指数有限公司,文教、工美、体育和娱乐用品制造业,
A股指数,H30052.OTER,中证AMAC石化,AMAC行业指数,2013-01-21,中证指数有限公司,石油加工、炼焦和核燃料加工业,
A股指数,H30053.OTER,中证AMAC化学,AMAC行业指数,2013-01-21,中证指数有限公司,化学原料和化学制品制造业,
A股指数,H30054.OTER,中证AMAC医药,AMAC行业指数,2013-01-21,中证指数有限公司,医药制造业,
A股指数,H30055.OTER,中证AMAC化纤,AMAC行业指数,2013-01-21,中证指数有限公司,化学纤维制造业,
A股指数,H30056.OTER,中证AMAC橡胶,AMAC行业指数,2013-01-21,中证指数有限公司,橡胶和塑料制品业,
A股指数,H30057.OTER,中证AMAC矿物,AMAC行业指数,2013-01-21,中证指数有限公司,非金属矿物制品业,
A股指数,H30058.OTER,中证AMAC钢铁,AMAC行业指数,2013-01-21,中证指数有限公司,黑色金属冶炼和压延加工业,
A股指数,H30059.OTER,中证AMAC有色,AMAC行业指数,2013-01-21,中证指数有限公司,有色金属冶炼和压延加工业,
A股指数,H30060.OTER,中证AMAC金属,AMAC行业指数,2013-01-21,中证指数有限公司,金属制品业,
A股指数,H30061.OTER,中证AMAC通用,AMAC行业指数,2013-01-21,中证指数有限公司,通用设备制造业,
A股指数,H30062.OTER,中证AMAC专用,AMAC行业指数,2013-01-21,中证指数有限公司,专用设备制造业,
A股指数,H30063.OTER,中证AMAC汽车,AMAC行业指数,2013-01-21,中证指数有限公司,汽车制造业,
A股指数,H30064.OTER,中证AMAC运输,AMAC行业指数,2013-01-21,中证指数有限公司,铁路、船舶、航空航天和其它运输设备制造业,
A股指数,H30065.OTER,中证AMAC电气,AMAC行业指数,2013-01-21,中证指数有限公司,电气机械和器材制造业,
A股指数,H30066.OTER,中证AMAC电子,AMAC行业指数,2013-01-21,中证指数有限公司,计算机、通信和其他电子设备制造业,
A股指数,H30067.OTER,中证AMAC仪表,AMAC行业指数,2013-01-21,中证指数有限公司,仪器仪表制造业,
A股指数,H30164.ZICN,中证汽车汽配,中证全指行业指数,2013-07-15,中证指数有限公司,汽车与汽车零部件,
A股指数,H30165.ZICN,中证房地产,中证全指行业指数,2013-07-15,中证指数有限公司,房地产,
A股指数,H30166.ZICN,中证机械制造,中证全指行业指数,2013-07-15,中证指数有限公司,机械制造,
A股指数,H30167.ZICN,中证建筑材料,中证全指行业指数,2013-07-15,中证指数有限公司,建筑材料,
A股指数,H30169.ZICN,中证资本品,中证全指行业指数,2013-07-15,中证指数有限公司,资本品,
A股指数,H30170.ZICN,中证商业指数,中证全指行业指数,2013-07-15,中证指数有限公司,商业服务与用品,
A股指数,H30171.ZICN,中证运输指数,中证全指行业指数,2013-07-15,中证指数有限公司,交通运输,
A股指数,H30172.ZICN,中证耐用服装,中证全指行业指数,2013-07-15,中证指数有限公司,耐用消费品与服装,
A股指数,H30173.ZICN,中证消费者,中证全指行业指数,2013-07-15,中证指数有限公司,消费者服务,
A股指数,H30174.ZICN,中证媒体指数,中证全指行业指数,2013-07-15,中证指数有限公司,传媒,
A股指数,H30175.ZICN,中证零售指数,中证全指行业指数,2013-07-15,中证指数有限公司,零售业,
A股指数,H30176.ZICN,中证食药零售,中证全指行业指数,2013-07-15,中证指数有限公司,食品与主要用品零售,
A股指数,H30177.ZICN,中证全指食品,中证全指行业指数,2013-07-15,中证指数有限公司,食品、饮料与烟草,
A股指数,H30178.ZICN,中证医疗保健,中证全指行业指数,2013-07-15,中证指数有限公司,医疗器械与服务,
A股指数,H30179.ZICN,中证医药生科,中证全指行业指数,2013-07-15,中证指数有限公司,医药生物,
A股指数,H30182.ZICN,中证软件服务,中证全指行业指数,2013-07-15,中证指数有限公司,计算机运用,
A股指数,H30183.ZICN,中证硬件设备,中证全指行业指数,2013-07-15,中证指数有限公司,计算机及电子设备,
A股指数,H30184.ZICN,中证半导体,中证全指行业指数,2013-07-15,中证指数有限公司,半导体,
A股指数,H30185.ZICN,中证通信设备,中证全指行业指数,2013-07-15,中证指数有限公司,通信设备,
A股指数,H30186.ZICN,中证保险指数,中证全指行业指数,2013-07-15,中证指数有限公司,保险,
A股指数,H30187.ZICN,中证化学制品,中证全指行业指数,2013-07-15,中证指数有限公司,化学制品,
A股指数,H30188.ZICN,中证制药指数,中证全指行业指数,2013-07-15,中证指数有限公司,制药,
A股指数,H30189.ZICN,中证电气设备,中证全指行业指数,2013-07-15,中证指数有限公司,电气设备,
A股指数,H30190.ZICN,中证电子仪器,中证全指行业指数,2013-07-15,中证指数有限公司,电子设备,
A股指数,H30191.ZICN,中证有色金属,中证全指行业指数,2013-07-15,中证指数有限公司,有色金属,
A股指数,H30192.ZICN,中证食品肉类,中证全指行业指数,2013-07-15,中证指数有限公司,包装食品与肉类,
A股指数,H30193.ZICN,中证纺织服装,中证全指行业指数,2013-07-15,中证指数有限公司,纺织服装,
A股指数,H30194.ZICN,中证汽车配件,中证全指行业指数,2013-07-15,中证指数有限公司,汽车零配件与轮胎,
A股指数,H30195.ZICN,中证建筑工程,中证全指行业指数,2013-07-15,中证指数有限公司,建筑与工程,
A股指数,H30196.ZICN,中证耐用消费,中证全指行业指数,2013-07-15,中证指数有限公司,家庭耐用消费品,
A股指数,H30197.ZICN,中证多元零售,中证全指行业指数,2013-07-15,中证指数有限公司,多元化零售,
A股指数,H30198.ZICN,中证油气指数,中证全指行业指数,2013-07-15,中证指数有限公司,石油与天然气,
A股指数,H30199.ZICN,中证电力指数,中证全指行业指数,2013-07-15,中证指数有限公司,电力,
A股指数,H30200.ZICN,中证交通设施,中证全指行业指数,2013-07-15,中证指数有限公司,交通基本设施,
A股指数,H30201.ZICN,中证贸易经销,中证全指行业指数,2013-07-15,中证指数有限公司,工业品贸易商,
A股指数,H30202.ZICN,中证软件指数,中证全指行业指数,2013-07-15,中证指数有限公司,软件开发,
A股指数,H30203.ZICN,中证信息服务,中证全指行业指数,2013-07-15,中证指数有限公司,信息技术服务,
A股指数,H30204.ZICN,中证酒店休闲,中证全指行业指数,2013-07-15,中证指数有限公司,酒店、餐馆与休闲,
A股指数,H30205.ZICN,中证饮料指数,中证全指行业指数,2013-07-15,中证指数有限公司,饮料,
A股指数,H30206.ZICN,中证纸类林业,中证全指行业指数,2013-07-15,中证指数有限公司,纸类与林业产品,
A股指数,H30207.ZICN,中证电脑设备,中证全指行业指数,2013-07-15,中证指数有限公司,电脑与外围设备,
A股指数,H30208.ZICN,中证专营零售,中证全指行业指数,2013-07-15,中证指数有限公司,其他零售,
A股指数,H30209.ZICN,中证建筑产品,中证全指行业指数,2013-07-15,中证指数有限公司,建筑产品,
A股指数,H30210.ZICN,中证汽车指数,中证全指行业指数,2013-07-15,中证指数有限公司,汽车与摩托车,
A股指数,H30211.ZICN,中证资本市场,中证全指行业指数,2013-07-15,中证指数有限公司,资本市场,
A股指数,H30212.ZICN,中证生物科技,中证全指行业指数,2013-07-15,中证指数有限公司,生物科技,
A股指数,H30213.ZICN,中证航天国防,中证全指行业指数,2013-07-15,中证指数有限公司,航空航天与国防,
A股指数,H30214.ZICN,中证能源设备,中证全指行业指数,2013-07-15,中证指数有限公司,能源开采设备与服务,
A股指数,H30215.ZICN,中证休闲用品,中证全指行业指数,2013-07-15,中证指数有限公司,休闲设备与用品,
A股指数,H30216.ZICN,中证海运指数,中证全指行业指数,2013-07-15,中证指数有限公司,航运,
A股指数,H30217.ZICN,中证医保设备,中证全指行业指数,2013-07-15,中证指数有限公司,医疗器械,
A股指数,H30218.ZICN,中证水务指数,中证全指行业指数,2013-07-15,中证指数有限公司,水务,
A股指数,H30219.ZICN,中证容器包装,中证全指行业指数,2013-07-15,中证指数有限公司,容器与包装,
A股指数,H30220.ZICN,中证网络软件,中证全指行业指数,2013-07-15,中证指数有限公司,互联网服务,
A股指数,H30221.ZICN,中证复合公用,中证全指行业指数,2013-07-15,中证指数有限公司,供热或其他公用事业,
A股指数,H30222.ZICN,中证公路铁路,中证全指行业指数,2013-07-15,中证指数有限公司,道路运输,
A股指数,H30223.ZICN,中证航空公司,中证全指行业指数,2013-07-15,中证指数有限公司,航空公司,
A股指数,H30250.ZICN,中证500能源,中证500行业指数,2013-11-06,中证指数有限公司,能源,
A股指数,H30251.ZICN,中证500原料,中证500行业指数,2013-11-06,中证指数有限公司,原材料,
A股指数,H30252.ZICN,中证500工业,中证500行业指数,2013-11-06,中证指数有限公司,工业,
A股指数,H30253.ZICN,中证500可选,中证500行业指数,2013-11-06,中证指数有限公司,可选消费,
A股指数,H30254.ZICN,中证500消费,中证500行业指数,2013-11-06,中证指数有限公司,主要消费,
A股指数,H30255.ZICN,中证500医药,中证500行业指数,2013-11-06,中证指数有限公司,医药卫生,
A股指数,H30256.ZICN,中证500金地,中证500行业指数,2013-11-06,中证指数有限公司,金融地产,
A股指数,H30257.ZICN,中证500信息,中证500行业指数,2013-11-06,中证指数有限公司,信息技术,
A股指数,H30258.ZICN,中证500电信,中证500行业指数,2013-11-06,中证指数有限公司,电信业务,
A股指数,H30259.ZICN,中证500公用,中证500行业指数,2013-11-06,中证指数有限公司,公用事业,
A股指数,H30375.OTER,中证CN能源综合,中证中国内地行业指数,2014-07-31,中证指数有限公司,能源,
A股指数,H30376.OTER,中证CN材料综合,中证中国内地行业指数,2014-07-31,中证指数有限公司,原材料,
A股指数,H30377.OTER,中证CN工业综合,中证中国内地行业指数,2014-07-31,中证指数有限公司,工业,
A股指数,H30378.OTER,中证CN可选综合,中证中国内地行业指数,2014-07-31,中证指数有限公司,可选消费,
A股指数,H30379.OTER,中证CN消费综合,中证中国内地行业指数,2014-07-31,中证指数有限公司,主要消费,
A股指数,H30380.OTER,中证CN医药综合,中证中国内地行业指数,2014-07-31,中证指数有限公司,医药卫生,
A股指数,H30381.OTER,中证CN金融综合,中证中国内地行业指数,2014-07-31,中证指数有限公司,金融地产,
A股指数,H30382.OTER,中证CN信息综合,中证中国内地行业指数,2014-07-31,中证指数有限公司,信息技术,
A股指数,H30383.OTER,中证CN电信综合,中证中国内地行业指数,2014-07-31,中证指数有限公司,电信业务,
A股指数,H30384.OTER,中证CN公用综合,中证中国内地行业指数,2014-07-31,中证指数有限公司,公用事业,
A股指数,H30386.OTER,中证CN能源综合USD,中证中国内地行业指数,2014-07-31,中证指数有限公司,能源,
A股指数,H30387.OTER,中证CN材料综合USD,中证中国内地行业指数,2014-07-31,中证指数有限公司,原材料,
A股指数,H30388.OTER,中证CN工业综合USD,中证中国内地行业指数,2014-07-31,中证指数有限公司,工业,
A股指数,H30389.OTER,中证CN可选综合USD,中证中国内地行业指数,2014-07-31,中证指数有限公司,可选消费,
A股指数,H30390.OTER,中证CN消费综合USD,中证中国内地行业指数,2014-07-31,中证指数有限公司,主要消费,
A股指数,H30391.OTER,中证CN医药综合USD,中证中国内地行业指数,2014-07-31,中证指数有限公司,医药卫生,
A股指数,H30392.OTER,中证CN金融综合USD,中证中国内地行业指数,2014-07-31,中证指数有限公司,金融地产,
A股指数,H30393.OTER,中证CN信息综合USD,中证中国内地行业指数,2014-07-31,中证指数有限公司,信息技术,
A股指数,H30394.OTER,中证CN电信综合USD,中证中国内地行业指数,2014-07-31,中证指数有限公司,电信业务,
A股指数,H30395.OTER,中证CN公用综合USD,中证中国内地行业指数,2014-07-31,中证指数有限公司,公用事业,
A股指数,H30408.OTER,中证中国500能源,中国400行业指数,2014-10-17,中证指数有限公司,能源,
A股指数,H30409.OTER,中证中国500材料,中国400行业指数,2014-10-17,中证指数有限公司,原材料,
A股指数,H30410.OTER,中证中国500工业,中国400行业指数,2014-10-17,中证指数有限公司,工业,
A股指数,H30411.OTER,中证中国500可选,中国400行业指数,2014-10-17,中证指数有限公司,可选消费,
A股指数,H30412.OTER,中证中国500消费,中国400行业指数,2014-10-17,中证指数有限公司,主要消费,
A股指数,H30413.OTER,中证中国500医药,中国400行业指数,2014-10-17,中证指数有限公司,医药卫生,
A股指数,H30414.OTER,中证中国500金融,中国400行业指数,2014-10-17,中证指数有限公司,金融地产,
A股指数,H30415.OTER,中证中国500信息,中国400行业指数,2014-10-17,中证指数有限公司,信息技术,
A股指数,H30416.OTER,中证中国500电信,中国400行业指数,2014-10-17,中证指数有限公司,电信业务,
A股指数,H30417.OTER,中证中国500公用,中国400行业指数,2014-10-17,中证指数有限公司,公用事业,
A股指数,H30424.OTER,中证中国500能源USD,中国400行业指数,2014-10-17,中证指数有限公司,能源,
A股指数,H30425.OTER,中证中国500材料USD,中国400行业指数,2014-10-17,中证指数有限公司,原材料,
A股指数,H30426.OTER,中证中国500工业USD,中国400行业指数,2014-10-17,中证指数有限公司,工业,
A股指数,H30427.OTER,中证中国500可选USD,中国400行业指数,2014-10-17,中证指数有限公司,可选消费,
A股指数,H30428.OTER,中证中国500消费USD,中国400行业指数,2014-10-17,中证指数有限公司,主要消费,
A股指数,H30429.OTER,中证中国500医药USD,中国400行业指数,2014-10-17,中证指数有限公司,医药卫生,
A股指数,H30430.OTER,中证中国500金融USD,中国400行业指数,2014-10-17,中证指数有限公司,金融地产,
A股指数,H30431.OTER,中证中国500信息USD,中国400行业指数,2014-10-17,中证指数有限公司,信息技术,
A股指数,H30432.OTER,中证中国500电信USD,中国400行业指数,2014-10-17,中证指数有限公司,电信业务,
A股指数,H30433.OTER,中证中国500公用USD,中国400行业指数,2014-10-17,中证指数有限公司,公用事业,
A股指数,H30439.ZICN,中证1000能源,中证1000行业指数,2014-10-17,中证指数有限公司,能源,
A股指数,H30440.ZICN,中证1000材料,中证1000行业指数,2014-10-17,中证指数有限公司,原材料,
A股指数,H30441.ZICN,中证1000工业,中证1000行业指数,2014-10-17,中证指数有限公司,工业,
A股指数,H30442.ZICN,中证1000可选,中证1000行业指数,2014-10-17,中证指数有限公司,可选消费,
A股指数,H30443.ZICN,中证1000消费,中证1000行业指数,2014-10-17,中证指数有限公司,主要消费,
A股指数,H30444.ZICN,中证1000医药,中证1000行业指数,2014-10-17,中证指数有限公司,医药卫生,
A股指数,H30445.ZICN,中证1000金融,中证1000行业指数,2014-10-17,中证指数有限公司,金融地产,
A股指数,H30446.ZICN,中证1000信息,中证1000行业指数,2014-10-17,中证指数有限公司,信息技术,
A股指数,H30447.ZICN,中证1000电信,中证1000行业指数,2014-10-17,中证指数有限公司,电信业务,
A股指数,H30448.ZICN,中证1000公用,中证1000行业指数,2014-10-17,中证指数有限公司,公用事业,
A股指数,H30458.OTER,中证沪港深500能源,中证沪港深500行业指数,2014-11-28,中证指数有限公司,能源,
A股指数,H30459.OTER,中证沪港深500材料,中证沪港深500行业指数,2014-11-28,中证指数有限公司,原材料,
A股指数,H30460.OTER,中证沪港深500工业,中证沪港深500行业指数,2014-11-28,中证指数有限公司,工业,
A股指数,H30461.OTER,中证沪港深500可选,中证沪港深500行业指数,2014-11-28,中证指数有限公司,可选消费,
A股指数,H30462.OTER,中证沪港深500消费,中证沪港深500行业指数,2014-11-28,中证指数有限公司,主要消费,
A股指数,H30463.OTER,中证沪港深500医药,中证沪港深500行业指数,2014-11-28,中证指数有限公司,医药卫生,
A股指数,H30464.OTER,中证沪港深500金融,中证沪港深500行业指数,2014-11-28,中证指数有限公司,金融地产,
A股指数,H30465.OTER,中证沪港深500信息,中证沪港深500行业指数,2014-11-28,中证指数有限公司,信息技术,
A股指数,H30466.OTER,中证沪港深500电信,中证沪港深500行业指数,2014-11-28,中证指数有限公司,电信业务,
A股指数,H30467.OTER,中证沪港深500公用,中证沪港深500行业指数,2014-11-28,中证指数有限公司,公用事业,
A股指数,H30468.OTER,中证沪港深通中小能源综合,中证沪港深通中小行业指数,2014-11-28,中证指数有限公司,能源,
A股指数,H30469.OTER,中证沪港深通中小材料综合,中证沪港深通中小行业指数,2014-11-28,中证指数有限公司,原材料,
A股指数,H30470.OTER,中证沪港深通中小工业综合,中证沪港深通中小行业指数,2014-11-28,中证指数有限公司,工业,
A股指数,H30471.OTER,中证沪港深通中小可选综合,中证沪港深通中小行业指数,2014-11-28,中证指数有限公司,可选消费,
A股指数,H30472.OTER,中证沪港深通中小消费综合,中证沪港深通中小行业指数,2014-11-28,中证指数有限公司,主要消费,
A股指数,H30473.OTER,中证沪港深通中小医药综合,中证沪港深通中小行业指数,2014-11-28,中证指数有限公司,医药卫生,
A股指数,H30474.OTER,中证沪港深通中小金融综合,中证沪港深通中小行业指数,2014-11-28,中证指数有限公司,金融地产,
A股指数,H30475.OTER,中证沪港深通中小信息综合,中证沪港深通中小行业指数,2014-11-28,中证指数有限公司,信息技术,
A股指数,H30476.OTER,中证沪港深通中小电信综合,中证沪港深通中小行业指数,2014-11-28,中证指数有限公司,电信业务,
A股指数,H30477.OTER,中证沪港深通中小公用综合,中证沪港深通中小行业指数,2014-11-28,中证指数有限公司,公用事业,
A股指数,H30478.OTER,中证沪港深通能源综合,中证沪港深通综合行业指数,2014-11-28,中证指数有限公司,能源,
A股指数,H30479.OTER,中证沪港深通材料综合,中证沪港深通综合行业指数,2014-11-28,中证指数有限公司,原材料,
A股指数,H30480.OTER,中证沪港深通工业综合,中证沪港深通综合行业指数,2014-11-28,中证指数有限公司,工业,
A股指数,H30481.OTER,中证沪港深通可选综合,中证沪港深通综合行业指数,2014-11-28,中证指数有限公司,可选消费,
A股指数,H30482.OTER,中证沪港深通消费综合,中证沪港深通综合行业指数,2014-11-28,中证指数有限公司,主要消费,
A股指数,H30483.OTER,中证沪港深通医药综合,中证沪港深通综合行业指数,2014-11-28,中证指数有限公司,医药卫生,
A股指数,H30484.OTER,中证沪港深通金融综合,中证沪港深通综合行业指数,2014-11-28,中证指数有限公司,金融地产,
A股指数,H30485.OTER,中证沪港深通信息综合,中证沪港深通综合行业指数,2014-11-28,中证指数有限公司,信息技术,
A股指数,H30486.OTER,中证沪港深通电信综合,中证沪港深通综合行业指数,2014-11-28,中证指数有限公司,电信业务,
A股指数,H30487.OTER,中证沪港深通公用综合,中证沪港深通综合行业指数,2014-11-28,中证指数有限公司,公用事业,
A股指数,H30491.OTER,中证沪港深500能源HKD,中证沪港深500行业指数,2014-11-28,中证指数有限公司,能源,
A股指数,H30492.OTER,中证沪港深500材料HKD,中证沪港深500行业指数,2014-11-28,中证指数有限公司,原材料,
A股指数,H30493.OTER,中证沪港深500工业HKD,中证沪港深500行业指数,2014-11-28,中证指数有限公司,工业,
A股指数,H30494.OTER,中证沪港深500可选HKD,中证沪港深500行业指数,2014-11-28,中证指数有限公司,可选消费,
A股指数,H30495.OTER,中证沪港深500消费HKD,中证沪港深500行业指数,2014-11-28,中证指数有限公司,主要消费,
A股指数,H30496.OTER,中证沪港深500医药HKD,中证沪港深500行业指数,2014-11-28,中证指数有限公司,医药卫生,
A股指数,H30497.OTER,中证沪港深500金融HKD,中证沪港深500行业指数,2014-11-28,中证指数有限公司,金融地产,
A股指数,H30498.OTER,中证沪港深500信息HKD,中证沪港深500行业指数,2014-11-28,中证指数有限公司,信息技术,
A股指数,H30499.OTER,中证沪港深500电信HKD,中证沪港深500行业指数,2014-11-28,中证指数有限公司,电信业务,
A股指数,H30500.OTER,中证沪港深500公用HKD,中证沪港深500行业指数,2014-11-28,中证指数有限公司,公用事业,
A股指数,H30501.OTER,中证沪港深通中小能源综合HKD,中证沪港深通中小行业指数,2014-11-28,中证指数有限公司,能源,
A股指数,H30502.OTER,中证沪港深通中小材料综合HKD,中证沪港深通中小行业指数,2014-11-28,中证指数有限公司,原材料,
A股指数,H30503.OTER,中证沪港深通中小工业综合HKD,中证沪港深通中小行业指数,2014-11-28,中证指数有限公司,工业,
A股指数,H30504.OTER,中证沪港深通中小可选综合HKD,中证沪港深通中小行业指数,2014-11-28,中证指数有限公司,可选消费,
A股指数,H30505.OTER,中证沪港深通中小消费综合HKD,中证沪港深通中小行业指数,2014-11-28,中证指数有限公司,主要消费,
A股指数,H30506.OTER,中证沪港深通中小医药综合HKD,中证沪港深通中小行业指数,2014-11-28,中证指数有限公司,医药卫生,
A股指数,H30507.OTER,中证沪港深通中小金融综合HKD,中证沪港深通中小行业指数,2014-11-28,中证指数有限公司,金融地产,
A股指数,H30508.OTER,中证沪港深通中小信息综合HKD,中证沪港深通中小行业指数,2014-11-28,中证指数有限公司,信息技术,
A股指数,H30509.OTER,中证沪港深通中小电信综合HKD,中证沪港深通中小行业指数,2014-11-28,中证指数有限公司,电信业务,
A股指数,H30510.OTER,中证沪港深通中小公用综合HKD,中证沪港深通中小行业指数,2014-11-28,中证指数有限公司,公用事业,
A股指数,H30511.OTER,中证沪港深通能源综合HKD,中证沪港深通综合行业指数,2014-11-28,中证指数有限公司,能源,
A股指数,H30512.OTER,中证沪港深通材料综合HKD,中证沪港深通综合行业指数,2014-11-28,中证指数有限公司,原材料,
A股指数,H30513.OTER,中证沪港深通工业综合HKD,中证沪港深通综合行业指数,2014-11-28,中证指数有限公司,工业,
A股指数,H30514.OTER,中证沪港深通可选综合HKD,中证沪港深通综合行业指数,2014-11-28,中证指数有限公司,可选消费,
A股指数,H30515.OTER,中证沪港深通消费综合HKD,中证沪港深通综合行业指数,2014-11-28,中证指数有限公司,主要消费,
A股指数,H30516.OTER,中证沪港深通医药综合HKD,中证沪港深通综合行业指数,2014-11-28,中证指数有限公司,医药卫生,
A股指数,H30517.OTER,中证沪港深通金融综合HKD,中证沪港深通综合行业指数,2014-11-28,中证指数有限公司,金融地产,
A股指数,H30518.OTER,中证沪港深通信息综合HKD,中证沪港深通综合行业指数,2014-11-28,中证指数有限公司,信息技术,
A股指数,H30519.OTER,中证沪港深通电信综合HKD,中证沪港深通综合行业指数,2014-11-28,中证指数有限公司,电信业务,
A股指数,H30520.OTER,中证沪港深通公用综合HKD,中证沪港深通综合行业指数,2014-11-28,中证指数有限公司,公用事业,
A股指数,H50001.ZICN,上证180能源,上证180行业指数,2012-06-29,上海证券交易所,能源,
A股指数,H50002.ZICN,上证180材料,上证180行业指数,2012-06-29,上海证券交易所,原材料,
A股指数,H50003.ZICN,上证180工业,上证180行业指数,2012-06-29,上海证券交易所,工业,
A股指数,H50004.ZICN,上证180可选,上证180行业指数,2012-06-29,上海证券交易所,可选消费,
A股指数,H50005.ZICN,上证180消费,上证180行业指数,2012-06-29,上海证券交易所,主要消费,
A股指数,H50006.ZICN,上证180医药,上证180行业指数,2012-06-29,上海证券交易所,医药卫生,
A股指数,H50007.ZICN,上证180金地,上证180行业指数,2012-06-29,上海证券交易所,金融地产,
A股指数,H50008.ZICN,上证180信息,上证180行业指数,2012-06-29,上海证券交易所,信息技术,
A股指数,H50009.ZICN,上证180电信,上证180行业指数,2012-06-29,上海证券交易所,电信业务,
A股指数,H50010.ZICN,上证180公用,上证180行业指数,2012-06-29,上海证券交易所,公用事业,
A股指数,L11140.OTER,中证H100能源人民币,中证香港100行业指数,2009-06-16,中证指数有限公司,能源,
A股指数,L11141.OTER,中证H100材料人民币,中证香港100行业指数,2009-06-16,中证指数有限公司,原材料,
A股指数,L11142.OTER,中证H100工业人民币,中证香港100行业指数,2009-06-16,中证指数有限公司,工业,
A股指数,L11143.OTER,中证H100可选CNY,中证香港100行业指数,2009-06-16,中证指数有限公司,可选消费,
A股指数,L11144.OTER,中证H100消费人民币,中证香港100行业指数,2009-06-16,中证指数有限公司,主要消费,
A股指数,L11145.OTER,中证H100医药人民币,中证香港100行业指数,2009-06-16,中证指数有限公司,医药卫生,
A股指数,L11146.OTER,中证H100金融人民币,中证香港100行业指数,2009-06-16,中证指数有限公司,金融地产,
A股指数,L11147.OTER,中证H100信息CNY,中证香港100行业指数,2009-06-16,中证指数有限公司,信息技术,
A股指数,L11148.OTER,中证H100电信CNY,中证香港100行业指数,2009-06-16,中证指数有限公司,电信业务,
A股指数,L11149.OTER,中证H100公用人民币,中证香港100行业指数,2009-06-16,中证指数有限公司,公用事业,
A股指数,L11150.OTER,中证CN80能源,中证海外内地行业指数,2009-06-16,中证指数有限公司,能源,
A股指数,L11151.OTER,中证CN80材料,中证海外内地行业指数,2009-06-16,中证指数有限公司,原材料,
A股指数,L11152.OTER,中证CN80工业,中证海外内地行业指数,2009-06-16,中证指数有限公司,工业,
A股指数,L11153.OTER,中证CN80可选,中证海外内地行业指数,2009-06-16,中证指数有限公司,可选消费,
A股指数,L11154.OTER,中证CN80消费,中证海外内地行业指数,2009-06-16,中证指数有限公司,主要消费,
A股指数,L11155.OTER,中证CN80医药,中证海外内地行业指数,2009-06-16,中证指数有限公司,医药卫生,
A股指数,L11156.OTER,中证CN80金融,中证海外内地行业指数,2009-06-16,中证指数有限公司,金融地产,
A股指数,L11157.OTER,中证CN80信息,中证海外内地行业指数,2009-06-16,中证指数有限公司,信息技术,
A股指数,L11158.OTER,中证CN80电信,中证海外内地行业指数,2009-06-16,中证指数有限公司,电信业务,
A股指数,L11159.OTER,中证CN80公用,中证海外内地行业指数,2009-06-16,中证指数有限公司,公用事业,
A股指数,L11160.OTER,中证C130能源,中证海外股(不含台湾)行业指数,2009-06-16,中证指数有限公司,能源,
A股指数,L11161.OTER,中证C130材料,中证海外股(不含台湾)行业指数,2009-06-16,中证指数有限公司,原材料,
A股指数,L11162.OTER,中证C130工业,中证海外股(不含台湾)行业指数,2009-06-16,中证指数有限公司,工业,
A股指数,L11163.OTER,中证C130可选,中证海外股(不含台湾)行业指数,2009-06-16,中证指数有限公司,可选消费,
A股指数,L11164.OTER,中证C130消费,中证海外股(不含台湾)行业指数,2009-06-16,中证指数有限公司,主要消费,
A股指数,L11165.OTER,中证C130医药,中证海外股(不含台湾)行业指数,2009-06-16,中证指数有限公司,医药卫生,
A股指数,L11166.OTER,中证C130金融,中证海外股(不含台湾)行业指数,2009-06-16,中证指数有限公司,金融地产,
A股指数,L11167.OTER,中证C130信息,中证海外股(不含台湾)行业指数,2009-06-16,中证指数有限公司,信息技术,
A股指数,L11168.OTER,中证C130电信,中证海外股(不含台湾)行业指数,2009-06-16,中证指数有限公司,电信业务,
A股指数,L11169.OTER,中证C130公用,中证海外股(不含台湾)行业指数,2009-06-16,中证指数有限公司,公用事业,
A股指数,L11170.OTER,中证C430能源,中证华股(不含台湾)行业指数,2009-06-16,中证指数有限公司,能源,
A股指数,L11171.OTER,中证C430材料,中证华股(不含台湾)行业指数,2009-06-16,中证指数有限公司,原材料,
A股指数,L11172.OTER,中证C430工业,中证华股(不含台湾)行业指数,2009-06-16,中证指数有限公司,工业,
A股指数,L11173.OTER,中证C430可选,中证华股(不含台湾)行业指数,2009-06-16,中证指数有限公司,可选消费,
A股指数,L11174.OTER,中证C430消费,中证华股(不含台湾)行业指数,2009-06-16,中证指数有限公司,主要消费,
A股指数,L11175.OTER,中证C430医药,中证华股(不含台湾)行业指数,2009-06-16,中证指数有限公司,医药卫生,
A股指数,L11176.OTER,中证C430金融,中证华股(不含台湾)行业指数,2009-06-16,中证指数有限公司,金融地产,
A股指数,L11177.OTER,中证C430信息,中证华股(不含台湾)行业指数,2009-06-16,中证指数有限公司,信息技术,
A股指数,L11178.OTER,中证C430电信,中证华股(不含台湾)行业指数,2009-06-16,中证指数有限公司,电信业务,
A股指数,L11179.OTER,中证C430公用,中证华股(不含台湾)行业指数,2009-06-16,中证指数有限公司,公用事业,
A股指数,L11180.OTER,中证H100能源,中证香港100行业指数,2009-06-16,中证指数有限公司,能源,
A股指数,L11181.OTER,中证H100材料,中证香港100行业指数,2009-06-16,中证指数有限公司,原材料,
A股指数,L11182.OTER,中证H100工业,中证香港100行业指数,2009-06-16,中证指数有限公司,工业,
A股指数,L11183.OTER,中证H100可选,中证香港100行业指数,2009-06-16,中证指数有限公司,可选消费,
A股指数,L11184.OTER,中证H100消费,中证香港100行业指数,2009-06-16,中证指数有限公司,主要消费,
A股指数,L11185.OTER,中证H100医药,中证香港100行业指数,2009-06-16,中证指数有限公司,医药卫生,
A股指数,L11186.OTER,中证H100金融,中证香港100行业指数,2009-06-16,中证指数有限公司,金融地产,
A股指数,L11187.OTER,中证H100信息,中证香港100行业指数,2009-06-16,中证指数有限公司,信息技术,
A股指数,L11188.OTER,中证H100电信,中证香港100行业指数,2009-06-16,中证指数有限公司,电信业务,
A股指数,L11189.OTER,中证H100公用,中证香港100行业指数,2009-06-16,中证指数有限公司,公用事业,
A股指数,L11190.OTER,中证CN80能源USD,中证海外内地行业指数,2009-06-16,中证指数有限公司,能源,
A股指数,L11191.OTER,中证CN80材料USD,中证海外内地行业指数,2009-06-16,中证指数有限公司,原材料,
A股指数,L11192.OTER,中证CN80工业USD,中证海外内地行业指数,2009-06-16,中证指数有限公司,工业,
A股指数,L11193.OTER,中证CN80可选USD,中证海外内地行业指数,2009-06-16,中证指数有限公司,可选消费,
A股指数,L11194.OTER,中证CN80消费USD,中证海外内地行业指数,2009-06-16,中证指数有限公司,主要消费,
A股指数,L11195.OTER,中证CN80医药USD,中证海外内地行业指数,2009-06-16,中证指数有限公司,医药卫生,
A股指数,L11196.OTER,中证CN80金融USD,中证海外内地行业指数,2009-06-16,中证指数有限公司,金融地产,
A股指数,L11197.OTER,中证CN80信息USD,中证海外内地行业指数,2009-06-16,中证指数有限公司,信息技术,
A股指数,L11198.OTER,中证CN80电信USD,中证海外内地行业指数,2009-06-16,中证指数有限公司,电信业务,
A股指数,L11199.OTER,中证CN80公用USD,中证海外内地行业指数,2009-06-16,中证指数有限公司,公用事业,
A股指数,L11200.OTER,中证C130能源美元,中证海外股(不含台湾)行业指数,2009-06-16,中证指数有限公司,能源,
A股指数,L11201.OTER,中证C130材料美元,中证海外股(不含台湾)行业指数,2009-06-16,中证指数有限公司,原材料,
A股指数,L11202.OTER,中证C130工业美元,中证海外股(不含台湾)行业指数,2009-06-16,中证指数有限公司,工业,
A股指数,L11203.OTER,中证C130可选美元,中证海外股(不含台湾)行业指数,2009-06-16,中证指数有限公司,可选消费,
A股指数,L11204.OTER,中证C130消费美元,中证海外股(不含台湾)行业指数,2009-06-16,中证指数有限公司,主要消费,
A股指数,L11205.OTER,中证C130医药美元,中证海外股(不含台湾)行业指数,2009-06-16,中证指数有限公司,医药卫生,
A股指数,L11206.OTER,中证C130金融美元,中证海外股(不含台湾)行业指数,2009-06-16,中证指数有限公司,金融地产,
A股指数,L11207.OTER,中证C130信息美元,中证海外股(不含台湾)行业指数,2009-06-16,中证指数有限公司,信息技术,
A股指数,L11208.OTER,中证C130电信美元,中证海外股(不含台湾)行业指数,2009-06-16,中证指数有限公司,电信业务,
A股指数,L11209.OTER,中证C130公用美元,中证海外股(不含台湾)行业指数,2009-06-16,中证指数有限公司,公用事业,
A股指数,L11210.OTER,中证C430能源美元,中证华股(不含台湾)行业指数,2009-06-16,中证指数有限公司,能源,
A股指数,L11211.OTER,中证C430材料美元,中证华股(不含台湾)行业指数,2009-06-16,中证指数有限公司,原材料,
A股指数,L11212.OTER,中证C430工业美元,中证华股(不含台湾)行业指数,2009-06-16,中证指数有限公司,工业,
A股指数,L11213.OTER,中证C430可选美元,中证华股(不含台湾)行业指数,2009-06-16,中证指数有限公司,可选消费,
A股指数,L11214.OTER,中证C430消费美元,中证华股(不含台湾)行业指数,2009-06-16,中证指数有限公司,主要消费,
A股指数,L11215.OTER,中证C430医药美元,中证华股(不含台湾)行业指数,2009-06-16,中证指数有限公司,医药卫生,
A股指数,L11216.OTER,中证C430金融美元,中证华股(不含台湾)行业指数,2009-06-16,中证指数有限公司,金融地产,
A股指数,L11217.OTER,中证C430信息美元,中证华股(不含台湾)行业指数,2009-06-16,中证指数有限公司,信息技术,
A股指数,L11218.OTER,中证C430电信美元,中证华股(不含台湾)行业指数,2009-06-16,中证指数有限公司,电信业务,
A股指数,L11219.OTER,中证C430公用美元,中证华股(不含台湾)行业指数,2009-06-16,中证指数有限公司,公用事业,
A股指数,L11220.OTER,中证H300能源,中证香港300行业指数,2012-07-20,中证指数有限公司,能源,
A股指数,L11221.OTER,中证H300材料,中证香港300行业指数,2012-07-20,中证指数有限公司,原材料,
A股指数,L11222.OTER,中证H300工业,中证香港300行业指数,2012-07-20,中证指数有限公司,工业,
A股指数,L11223.OTER,中证H300可选,中证香港300行业指数,2012-07-20,中证指数有限公司,可选消费,
A股指数,L11224.OTER,中证H300消费,中证香港300行业指数,2012-07-20,中证指数有限公司,主要消费,
A股指数,L11225.OTER,中证H300医药,中证香港300行业指数,2012-07-20,中证指数有限公司,医药卫生,
A股指数,L11226.OTER,中证H300金融,中证香港300行业指数,2012-07-20,中证指数有限公司,金融地产,
A股指数,L11227.OTER,中证H300信息,中证香港300行业指数,2012-07-20,中证指数有限公司,信息技术,
A股指数,L11228.OTER,中证H300电信,中证香港300行业指数,2012-07-20,中证指数有限公司,电信业务,
A股指数,L11229.OTER,中证H300公用,中证香港300行业指数,2012-07-20,中证指数有限公司,公用事业,
A股指数,L11230.OTER,中证H300能源CNY,中证香港300行业指数,2012-07-20,中证指数有限公司,能源,
A股指数,L11231.OTER,中证H300材料CNY,中证香港300行业指数,2012-07-20,中证指数有限公司,原材料,
A股指数,L11232.OTER,中证H300工业CNY,中证香港300行业指数,2012-07-20,中证指数有限公司,工业,
A股指数,L11233.OTER,中证H300可选CNY,中证香港300行业指数,2012-07-20,中证指数有限公司,可选消费,
A股指数,L11234.OTER,中证H300消费CNY,中证香港300行业指数,2012-07-20,中证指数有限公司,主要消费,
A股指数,L11235.OTER,中证H300医药CNY,中证香港300行业指数,2012-07-20,中证指数有限公司,医药卫生,
A股指数,L11236.OTER,中证H300金融CNY,中证香港300行业指数,2012-07-20,中证指数有限公司,金融地产,
A股指数,L11237.OTER,中证H300信息CNY,中证香港300行业指数,2012-07-20,中证指数有限公司,信息技术,
A股指数,L11238.OTER,中证H300电信CNY,中证香港300行业指数,2012-07-20,中证指数有限公司,电信业务,
A股指数,L11239.OTER,中证H300公用CNY,中证香港300行业指数,2012-07-20,中证指数有限公司,公用事业,
